,Age,New_Education,Marital_Status,Kids,Income,Total_amount_spent,Accepted_campaign,Number_of_purchases
0,68,0,4,0,58138.0,1617,0,25
1,71,0,4,2,46344.0,27,0,6
2,60,0,5,0,71613.0,776,0,21
3,41,0,5,1,26646.0,53,0,8
4,44,2,3,1,58293.0,422,0,19
5,58,1,5,1,62513.0,716,0,22
6,54,0,2,1,55635.0,590,0,21
7,40,2,3,1,33454.0,169,0,10
8,51,2,5,1,30351.0,46,0,6
9,75,2,5,2,5648.0,49,1,2
10,42,0,3,1,51381.5,19,0,4
11,49,3,3,0,7500.0,61,0,6
12,66,0,2,0,63033.0,1102,0,16
13,73,1,2,2,59354.0,310,0,15
14,38,0,3,0,17323.0,46,0,5
15,79,2,4,0,82800.0,1315,2,26
16,45,0,3,2,41850.0,96,0,9
17,79,0,5,0,37760.0,317,0,13
18,76,1,3,1,76995.0,1782,1,26
19,40,3,4,1,33812.0,133,0,8
20,43,0,3,0,37040.0,316,0,12
21,46,0,3,1,2447.0,1730,0,43
22,76,2,3,1,58607.0,972,1,17
23,71,2,3,1,65324.0,544,0,20
24,74,0,5,1,40689.0,444,0,20
25,56,0,4,0,18589.0,75,0,8
26,49,0,3,2,53359.0,257,0,14
27,39,0,4,1,51381.5,637,0,27
28,36,0,3,1,38360.0,131,0,9
29,60,2,3,0,84618.0,1672,1,26
30,36,1,2,0,10979.0,30,0,8
31,62,1,5,0,38620.0,318,0,11
32,55,0,5,1,40548.0,120,1,9
33,73,2,2,2,46610.0,302,0,17
34,79,1,3,0,68657.0,1196,0,18
35,74,1,4,2,49389.0,65,0,6
36,55,2,3,1,67353.0,913,0,28
37,49,3,3,1,23718.0,81,0,9
38,52,0,6,1,42429.0,67,0,7
39,82,2,2,0,48948.0,902,1,24
40,45,0,3,1,80011.0,1395,0,21
41,40,1,3,1,20559.0,53,0,7
42,68,0,5,1,21994.0,22,0,4
43,66,2,4,0,51381.5,186,0,9
44,50,1,3,1,7500.0,31,0,8
45,49,0,4,0,79941.0,984,0,16
46,29,3,3,0,7500.0,122,0,10
47,57,0,5,1,41728.0,55,0,5
48,74,0,4,3,51381.5,124,0,10
49,71,2,3,2,72550.0,1319,0,28
50,68,0,6,1,65486.0,507,0,17
51,61,1,3,0,79143.0,1693,0,29
52,48,0,4,1,35790.0,72,0,7
53,48,0,2,0,82582.0,1617,2,21
54,47,0,3,2,66373.0,606,0,23
55,70,1,5,0,82384.0,1957,1,27
56,59,0,2,0,70287.0,1093,0,21
57,37,0,4,1,27938.0,29,0,6
58,43,0,4,1,51381.5,46,0,7
59,57,2,3,1,55954.0,518,0,19
60,43,1,4,0,75777.0,1438,2,21
61,50,0,5,2,66653.0,612,0,22
62,73,0,4,1,61823.0,884,0,24
63,74,2,6,1,67680.0,606,0,19
64,77,0,5,0,70666.0,1076,0,16
65,54,0,3,1,25721.0,34,0,5
66,58,0,5,2,32474.0,11,0,4
67,46,3,4,1,88194.0,1274,2,32
68,67,0,5,1,69096.0,653,0,18
69,55,0,5,3,74854.0,1562,0,19
70,71,1,3,0,66991.0,1253,0,21
71,52,3,3,1,51381.5,109,0,9
72,66,0,3,1,65031.0,863,0,30
73,50,2,3,2,60631.0,661,1,24
74,73,0,3,0,28332.0,65,0,8
75,48,0,2,1,40246.0,13,0,4
76,53,1,3,0,75251.0,1890,0,19
77,49,0,4,0,75825.0,2209,1,22
78,49,3,5,0,26326.0,18,0,4
79,60,0,5,0,56046.0,692,1,21
80,40,0,4,1,29760.0,165,0,12
81,56,0,3,1,26304.0,16,0,4
82,52,3,3,1,23559.0,79,0,9
83,62,1,5,0,38620.0,318,0,11
84,38,0,2,0,81361.0,778,0,27
85,65,0,3,2,29440.0,56,0,7
86,55,1,3,2,36138.0,151,1,13
87,68,0,4,1,50388.0,372,2,17
88,52,0,3,0,79593.0,1366,1,19
89,58,0,5,1,54178.0,194,0,10
90,68,2,3,3,51381.5,603,0,29
91,68,0,4,2,51381.5,18,0,4
92,52,1,5,0,51381.5,985,0,15
93,53,1,4,1,42394.0,32,0,5
94,55,2,3,1,23626.0,43,0,10
95,42,0,3,1,30096.0,45,0,6
96,65,0,6,1,47916.0,606,1,22
97,53,0,2,2,51813.0,63,0,7
98,74,3,3,0,78497.0,978,1,25
99,42,2,3,0,50150.0,410,0,16
100,65,3,4,1,47823.0,72,0,7
101,66,2,4,1,34554.0,55,0,7
102,46,0,5,1,85693.0,1169,0,27
103,80,2,3,0,65846.0,1120,0,16
104,66,0,3,0,87195.0,1097,0,20
105,46,3,5,1,24594.0,29,0,5
106,61,0,3,2,49096.0,187,0,13
107,56,0,3,2,52413.0,910,0,26
108,47,0,4,1,38557.0,145,0,9
109,65,1,3,0,89058.0,850,0,14
110,46,0,5,1,77298.0,969,0,24
111,34,2,4,0,68126.0,1820,1,17
112,62,1,5,1,57288.0,608,1,20
113,34,0,4,0,86037.0,730,2,25
114,45,2,3,1,43974.0,551,0,21
115,63,0,4,2,50785.0,114,0,8
116,55,0,3,0,90765.0,1724,2,15
117,47,3,3,1,36550.0,577,0,20
118,58,3,5,2,30753.0,81,0,7
119,56,0,5,1,21918.0,33,0,7
120,72,1,5,1,56129.0,660,0,22
121,58,1,4,1,32557.0,80,0,9
122,40,1,3,2,19510.0,30,0,6
123,49,0,2,1,30992.0,43,0,5
124,42,0,4,0,101970.0,1135,3,27
125,60,3,5,0,71488.0,559,0,16
126,41,0,4,0,79607.0,1923,0,16
127,72,1,3,2,54348.0,90,0,8
128,64,2,3,1,51381.5,404,0,17
129,69,2,5,2,77376.0,661,0,23
130,73,0,3,1,62998.0,463,0,19
131,67,1,1,2,61331.0,632,0,23
132,56,0,3,0,73448.0,725,0,19
133,62,0,3,1,51381.5,725,0,19
134,61,2,3,2,41551.0,279,0,16
135,58,2,5,0,62981.0,1482,1,23
136,49,3,2,1,9548.0,29,0,6
137,66,2,3,3,33762.0,106,0,9
138,52,2,1,2,35860.0,49,1,6
139,60,2,2,2,36921.0,38,0,7
140,33,1,4,0,92859.0,2077,0,22
141,49,1,5,1,65104.0,1053,0,17
142,63,0,3,0,86111.0,1385,0,23
143,51,2,4,1,68352.0,871,0,25
144,37,0,5,1,41883.0,312,0,12
145,49,0,3,2,59809.0,877,0,15
146,50,0,3,1,23957.0,68,0,6
147,44,0,5,1,38547.0,22,0,4
148,52,3,3,3,35688.0,211,0,16
149,59,1,3,0,49605.0,127,0,8
150,72,1,3,2,59354.0,459,0,16
151,56,0,3,1,65747.0,460,1,19
152,53,3,5,1,46344.0,429,0,17
153,37,0,1,1,34176.0,89,0,11
154,73,2,5,1,61010.0,1021,0,26
155,76,0,5,0,69372.0,1381,2,21
156,67,0,4,1,49967.0,306,0,15
157,47,0,4,3,60199.0,18,0,4
158,48,0,5,1,55375.0,162,0,9
159,70,0,4,0,80317.0,1231,0,18
160,67,1,4,3,30523.0,13,0,4
161,80,2,3,0,70356.0,1706,0,27
162,41,0,3,1,23228.0,121,0,11
163,50,2,2,0,74165.0,1293,0,20
164,59,0,5,3,43482.0,88,0,9
165,72,0,2,0,62551.0,421,1,18
166,66,0,2,0,52332.0,259,1,12
167,37,0,4,0,66951.0,1117,0,15
168,68,0,5,2,26091.0,89,0,9
169,60,0,5,2,33456.0,36,0,6
170,43,0,3,1,28718.0,57,0,7
171,55,0,3,2,50447.0,148,0,8
172,66,2,5,2,53537.0,93,0,8
173,58,0,4,1,52074.0,119,1,7
174,50,2,3,1,80427.0,1835,0,28
175,77,2,3,0,83837.0,1318,2,25
176,55,2,3,2,38853.0,45,0,7
177,66,0,5,3,38285.0,10,0,4
178,74,3,3,0,78497.0,978,1,25
179,49,2,3,1,51650.0,191,0,10
180,37,3,3,1,16248.0,57,0,9
181,79,1,3,0,66835.0,1033,0,24
182,41,1,3,1,30477.0,66,0,6
183,64,3,3,0,28249.0,43,0,6
184,42,0,3,1,25271.0,50,0,5
185,55,2,4,1,32303.0,39,0,7
186,59,0,3,1,61286.0,608,0,18
187,49,0,3,0,74068.0,1581,0,24
188,61,2,3,2,45759.0,68,0,7
189,47,3,5,1,24882.0,80,1,5
190,36,2,5,0,66973.0,1282,0,28
191,37,0,3,1,38872.0,91,0,8
192,52,0,3,2,51148.0,315,0,16
193,48,0,3,2,31353.0,31,0,6
194,45,1,3,0,69661.0,834,0,23
195,71,0,3,0,80067.0,1600,1,17
196,71,0,3,0,86718.0,1270,0,17
197,52,2,4,2,46854.0,263,1,15
198,73,0,2,1,69142.0,535,1,19
199,57,0,4,0,75922.0,1295,0,18
200,47,0,2,1,63693.0,1150,0,29
201,48,2,5,0,102160.0,1240,3,26
202,60,2,4,2,40637.0,38,0,6
203,41,1,4,0,18890.0,35,1,4
204,37,0,5,1,29604.0,53,1,5
205,62,1,2,2,48721.0,293,0,17
206,59,0,3,1,44794.0,65,0,6
207,71,0,2,1,64497.0,1804,1,29
208,69,0,5,1,46097.0,241,0,15
209,71,0,5,0,77972.0,1101,0,20
210,57,2,3,2,44377.0,264,0,19
211,51,1,5,2,46014.0,541,0,26
212,40,0,3,0,70951.0,1198,0,17
213,48,0,3,1,41443.0,482,0,20
214,47,3,4,3,52195.0,17,0,4
215,77,1,3,0,83790.0,1615,2,25
216,71,1,6,1,44551.0,285,0,12
217,45,0,5,1,69508.0,1135,0,28
218,37,3,5,1,45204.0,114,0,7
219,56,0,3,0,72460.0,1047,0,16
220,55,2,5,2,77622.0,714,0,22
221,45,2,3,1,30732.0,185,0,13
222,63,0,2,1,63887.0,1245,0,32
223,47,0,5,1,42011.0,189,0,12
224,49,0,5,1,51369.0,576,0,16
225,73,0,2,1,51537.0,1103,0,18
226,53,2,3,0,79930.0,1753,0,17
227,39,2,5,1,34320.0,17,0,4
228,59,0,4,2,37070.0,433,0,23
229,63,3,2,1,81975.0,1588,1,14
230,54,0,5,1,38590.0,22,0,4
231,74,0,4,0,15033.0,19,0,5
232,60,2,3,1,62745.0,1117,0,29
233,50,3,3,1,22212.0,69,0,8
234,43,1,5,1,23661.0,23,0,5
235,67,2,4,1,79761.0,605,0,19
236,52,0,4,1,7500.0,57,0,11
237,57,0,6,0,73455.0,2088,1,22
238,67,0,5,1,64961.0,1009,0,16
239,54,0,4,1,22804.0,26,0,5
240,35,0,3,0,73687.0,1627,1,22
241,67,0,3,1,61074.0,1102,0,31
242,61,2,3,2,31686.0,17,0,6
243,53,0,3,1,80134.0,1690,3,16
244,72,0,3,1,75027.0,1390,0,21
245,37,2,3,0,67546.0,2126,0,20
246,56,1,5,1,65176.0,1531,0,25
247,50,1,4,1,31160.0,64,0,7
248,40,0,4,1,29938.0,26,0,6
249,51,0,2,0,102692.0,1112,4,29
250,67,3,5,0,26490.0,210,0,11
251,58,0,5,2,75702.0,1148,0,26
252,51,2,4,1,30899.0,33,0,6
253,64,2,5,1,63342.0,1101,1,19
254,61,0,4,1,45989.0,322,0,16
255,61,0,4,2,18701.0,44,0,10
256,68,2,4,3,40737.0,17,0,4
257,46,0,2,1,15287.0,31,1,6
258,57,2,2,2,69674.0,845,0,25
259,55,1,3,1,44159.0,275,0,15
260,47,2,3,1,37717.0,25,0,4
261,73,1,5,2,43776.0,275,0,17
262,59,1,3,2,38179.0,90,0,11
263,62,0,3,0,80124.0,1495,1,19
264,55,2,3,2,38097.0,184,1,11
265,55,0,3,0,72940.0,981,0,13
266,55,0,5,1,22070.0,67,0,8
267,72,0,4,0,69267.0,1635,0,14
268,42,1,4,1,31788.0,60,0,10
269,50,2,5,1,61905.0,231,0,12
270,65,0,3,2,29315.0,48,0,10
271,62,0,2,2,33378.0,99,0,9
272,62,2,5,1,66313.0,770,0,23
273,69,0,4,0,60714.0,957,0,23
274,44,1,5,0,77882.0,818,0,12
275,39,2,4,0,69867.0,925,1,17
276,57,1,2,1,63841.0,908,0,22
277,44,3,3,1,24480.0,102,0,10
278,49,0,5,1,51369.0,576,0,16
279,79,0,5,0,37760.0,317,0,13
280,51,2,5,1,65640.0,461,0,15
281,50,1,3,2,44319.0,37,0,7
282,51,0,3,1,30631.0,70,0,7
283,73,0,5,0,75278.0,930,0,23
284,69,1,5,2,50898.0,859,0,33
285,59,0,6,0,79946.0,1478,0,22
286,76,1,2,0,35416.0,390,0,16
287,41,3,5,0,32414.0,52,1,5
288,56,0,5,1,38361.0,137,0,10
289,45,0,3,0,82497.0,1919,1,19
290,54,0,5,2,16626.0,68,0,9
291,60,0,5,2,29672.0,25,0,4
292,73,1,5,1,55951.0,1374,2,23
293,37,3,2,1,35388.0,32,0,5
294,39,1,5,1,42386.0,100,0,7
295,43,0,4,0,68627.0,825,0,12
296,60,2,2,1,57912.0,916,1,28
297,67,0,2,2,35246.0,62,0,11
298,69,3,5,1,58821.0,728,0,21
299,47,2,3,1,46377.0,90,0,7
300,37,0,4,1,39747.0,273,0,13
301,41,0,5,1,23976.0,66,0,10
302,64,1,3,0,80950.0,1213,1,23
303,59,0,6,0,27038.0,107,0,7
304,78,0,4,0,77457.0,1157,1,18
305,61,1,3,1,64100.0,546,1,18
306,33,1,5,0,42670.0,241,0,11
307,49,0,2,1,12571.0,53,0,11
308,58,0,3,3,22574.0,37,0,7
309,36,0,3,0,51381.5,1611,2,24
310,49,1,4,0,70893.0,1508,0,23
311,59,0,3,2,54198.0,235,0,16
312,69,1,5,2,28839.0,32,0,7
313,53,0,3,2,40321.0,102,0,8
314,40,0,4,1,66503.0,401,0,15
315,74,0,3,2,30833.0,28,0,6
316,55,0,4,3,51381.5,1052,2,21
317,54,0,3,1,64795.0,680,0,21
318,51,0,3,1,34421.0,30,0,4
319,60,2,2,2,47025.0,20,0,4
320,64,2,2,1,64325.0,1307,0,23
321,72,0,4,1,40464.0,630,0,24
322,68,0,3,0,62187.0,1283,0,18
323,49,2,2,1,14849.0,65,0,9
324,41,0,3,1,27255.0,37,0,5
325,75,2,3,3,54432.0,38,0,5
326,39,2,4,1,29999.0,160,0,12
327,42,0,4,1,24072.0,23,0,4
328,36,2,4,0,33996.0,71,0,6
329,69,2,3,1,66334.0,1161,0,19
330,54,1,3,1,35178.0,59,1,5
331,42,0,5,1,22010.0,33,0,7
332,65,0,2,2,62204.0,946,0,22
333,57,0,2,0,75693.0,1442,3,22
334,53,0,3,1,30675.0,62,0,5
335,60,0,5,0,83003.0,1674,1,22
336,37,0,4,0,68655.0,1538,0,21
337,39,0,2,0,41411.0,139,0,8
338,56,2,3,1,55212.0,1182,2,20
339,75,2,5,1,59292.0,507,0,18
340,52,3,5,1,27190.0,18,1,4
341,73,0,2,0,82623.0,940,0,16
342,60,0,3,2,44300.0,42,0,6
343,55,0,2,0,84835.0,1190,0,15
344,54,0,6,2,30372.0,44,0,8
345,49,1,3,1,33181.0,16,1,4
346,68,0,3,1,71113.0,835,0,26
347,39,0,3,1,71952.0,1443,2,22
348,59,2,4,0,69759.0,1029,0,18
349,51,0,3,0,72099.0,1188,0,18
350,49,2,4,1,60000.0,1277,0,24
351,47,0,4,2,38643.0,49,0,7
352,70,0,3,1,50737.0,99,1,7
353,56,2,3,0,68462.0,1670,0,15
354,82,1,3,0,65073.0,900,0,14
355,77,2,5,2,46681.0,425,0,16
356,68,0,3,0,78618.0,2153,1,22
357,56,2,6,1,62187.0,636,0,21
358,47,0,3,2,28442.0,57,0,10
359,47,2,3,1,37717.0,25,0,4
360,58,0,3,2,51479.0,494,0,22
361,56,0,4,1,54803.0,693,0,19
362,65,0,3,0,79530.0,1348,0,26
363,49,0,2,1,31615.0,51,0,7
364,63,0,5,0,72025.0,1932,0,16
365,50,2,4,1,52614.0,990,0,16
366,41,3,3,1,35684.0,30,0,5
367,50,0,3,2,48178.0,254,0,16
368,55,1,4,1,29548.0,29,1,5
369,59,0,4,1,63810.0,1371,1,23
370,53,2,4,2,38578.0,73,0,9
371,50,1,4,2,46098.0,120,0,11
372,55,0,4,0,22585.0,81,1,5
373,36,0,4,1,30279.0,37,0,5
374,64,2,5,1,66426.0,1377,0,20
375,56,0,4,1,30822.0,51,0,5
376,56,2,3,2,33581.0,17,0,4
377,40,0,3,1,19986.0,22,0,4
378,71,0,6,0,27421.0,324,0,14
379,52,3,3,3,35688.0,211,0,16
380,44,1,4,1,36143.0,19,0,4
381,54,0,4,1,10245.0,41,0,8
382,57,1,5,1,43795.0,492,1,17
383,65,0,5,1,63381.0,1005,0,26
384,76,0,5,1,38823.0,114,0,7
385,57,2,2,2,83664.0,1173,0,19
386,46,0,5,0,90300.0,1738,1,19
387,46,1,5,1,62499.0,222,0,12
388,32,0,4,0,74293.0,1127,0,16
389,79,2,3,0,51012.0,209,0,10
390,57,1,3,1,70777.0,787,0,23
391,34,2,5,0,68682.0,1598,0,24
392,54,0,3,2,43824.0,186,0,12
393,41,0,5,1,15345.0,47,0,6
394,38,0,4,1,23442.0,27,0,5
395,45,3,5,1,14515.0,96,0,11
396,69,3,2,2,31395.0,64,0,10
397,60,0,5,0,75276.0,1040,0,23
398,51,0,4,2,42373.0,163,0,13
399,65,0,5,0,30507.0,343,0,11
400,70,2,4,3,55521.0,446,1,24
401,60,0,3,2,48006.0,41,0,5
402,53,2,4,1,27213.0,70,0,9
403,54,2,2,2,65808.0,272,0,14
404,51,2,5,1,30351.0,46,0,6
405,62,0,3,2,50437.0,490,0,19
406,43,3,4,1,23616.0,79,0,8
407,49,0,3,1,53858.0,915,0,17
408,70,2,3,1,66465.0,1485,1,35
409,38,0,4,1,46923.0,369,0,16
410,63,0,5,1,75072.0,1073,0,19
411,82,2,3,0,75865.0,1242,0,19
412,50,3,5,1,19789.0,78,1,9
413,31,0,5,0,80134.0,1378,4,21
414,44,0,4,0,91065.0,1474,2,26
415,54,1,3,2,49505.0,751,0,29
416,52,2,3,1,37401.0,48,0,7
417,42,0,3,1,30096.0,45,0,6
418,43,1,5,1,18492.0,10,0,4
419,51,1,3,0,82584.0,1435,2,16
420,84,2,3,0,93027.0,2119,1,22
421,72,0,3,3,48686.0,20,0,4
422,39,0,3,0,92910.0,1795,3,27
423,36,0,3,1,75433.0,1188,2,19
424,36,3,5,1,10404.0,43,0,7
425,57,0,3,1,61314.0,1008,0,24
426,64,2,4,0,84865.0,1688,4,16
427,36,0,3,1,42387.0,684,0,21
428,58,3,5,2,67309.0,1082,0,39
429,61,0,3,1,75236.0,1068,0,25
430,55,0,4,1,30015.0,57,0,7
431,69,1,5,1,50943.0,46,0,5
432,59,0,2,1,67272.0,733,0,23
433,76,1,6,1,51529.0,467,0,17
434,54,2,3,1,32011.0,122,0,10
435,39,3,3,1,7500.0,36,0,7
436,36,0,3,1,28691.0,34,0,5
437,77,2,3,1,56223.0,156,0,10
438,79,0,3,0,18100.0,14,0,4
439,36,0,4,1,30279.0,37,0,5
440,51,3,3,0,20130.0,34,0,5
441,66,0,2,0,23295.0,20,0,4
442,53,1,2,1,42618.0,192,0,11
443,61,0,4,0,81246.0,1379,2,17
444,49,0,3,1,24027.0,48,0,7
445,72,2,3,1,55707.0,428,0,16
446,70,0,4,1,57959.0,868,0,27
447,56,0,3,1,56796.0,1001,0,27
448,54,1,4,1,36230.0,59,0,7
449,45,3,3,2,70829.0,431,0,16
450,49,0,3,1,65991.0,971,0,27
451,53,0,3,3,38988.0,348,0,19
452,59,3,4,0,89572.0,2059,2,24
453,41,1,3,1,42207.0,265,1,14
454,73,0,3,1,50300.0,270,0,13
455,43,3,5,0,66664.0,1289,0,19
456,61,0,3,1,60597.0,893,1,16
457,76,0,6,0,70165.0,926,0,22
458,67,2,6,1,50520.0,135,0,9
459,62,0,3,0,80124.0,1495,1,19
460,50,0,3,1,33183.0,120,0,9
461,56,2,4,0,66582.0,1288,0,20
462,70,2,5,0,75261.0,1743,2,17
463,55,0,6,1,31880.0,15,0,4
464,74,0,3,2,53790.0,542,0,20
465,54,2,5,1,49269.0,890,0,25
466,50,0,3,1,61456.0,1388,0,33
467,45,0,3,1,37406.0,17,0,4
468,44,2,5,1,56937.0,906,1,30
469,47,0,3,2,38415.0,44,0,6
470,37,0,4,1,20518.0,25,0,5
471,69,0,3,1,62503.0,973,0,26
472,53,2,4,2,41644.0,31,0,6
473,48,1,3,1,55842.0,518,0,17
474,53,2,3,1,62010.0,530,0,19
475,48,0,3,1,41124.0,506,0,21
476,52,1,3,1,38961.0,70,0,6
477,53,1,2,1,37760.0,54,0,6
478,51,0,4,1,32233.0,296,1,12
479,50,0,3,1,43057.0,266,0,15
480,65,1,5,0,83151.0,747,0,19
481,61,2,2,0,78825.0,895,0,29
482,49,1,5,1,65104.0,1053,0,17
483,51,0,3,1,60093.0,735,0,21
484,56,0,3,1,14045.0,20,0,5
485,73,3,6,0,28457.0,205,0,10
486,67,2,5,1,78952.0,2092,0,21
487,49,0,2,1,46310.0,309,0,14
488,70,0,5,0,76005.0,1722,1,22
489,61,1,4,1,58308.0,900,0,15
490,81,2,2,0,55614.0,682,1,20
491,63,1,2,1,59432.0,663,0,22
492,47,0,2,1,55563.0,43,0,6
493,54,2,5,1,78642.0,1816,0,18
494,76,2,5,1,67911.0,976,0,27
495,81,0,3,0,65275.0,746,0,21
496,75,0,5,2,27203.0,64,0,6
497,64,1,5,1,48330.0,32,0,5
498,35,3,3,0,24279.0,263,0,9
499,40,2,3,1,64355.0,1445,0,21
500,69,1,5,1,50943.0,46,0,5
501,72,0,6,0,53653.0,1210,0,28
502,49,0,3,1,65665.0,945,0,24
503,36,0,4,0,81217.0,1157,0,22
504,33,0,3,0,34935.0,137,0,8
505,66,0,2,1,61250.0,730,0,25
506,44,2,5,1,39665.0,216,1,12
507,46,0,4,1,60152.0,943,0,23
508,61,0,3,2,48920.0,347,1,16
509,66,1,5,0,89120.0,1924,1,19
510,79,2,5,1,44124.0,397,0,17
511,50,1,4,0,81169.0,2089,0,22
512,64,0,3,2,36443.0,138,0,11
513,35,0,4,1,26095.0,42,0,5
514,66,0,5,0,71367.0,777,0,17
515,81,1,3,0,80184.0,1902,2,20
516,60,0,2,2,30630.0,52,0,7
517,38,1,4,0,73454.0,1651,1,13
518,34,0,3,0,42691.0,358,0,13
519,72,0,3,0,70503.0,1727,2,16
520,38,0,3,1,25545.0,210,0,10
521,39,0,3,1,32880.0,42,0,5
522,67,2,5,0,77863.0,1291,0,20
523,48,1,3,0,50353.0,442,0,15
524,61,0,4,0,61839.0,1895,0,17
525,65,2,3,2,49154.0,411,0,19
526,50,3,6,1,47682.0,521,0,19
527,56,0,4,1,72679.0,1168,0,17
528,48,1,5,2,57954.0,493,1,23
529,63,0,3,2,65316.0,260,0,12
530,43,0,4,1,28567.0,46,0,7
531,74,1,5,1,47352.0,319,0,16
532,58,0,5,1,44931.0,96,0,7
533,58,0,2,0,76982.0,1062,1,16
534,73,3,5,1,57247.0,232,0,12
535,44,1,4,1,22944.0,76,0,9
536,48,3,5,1,25315.0,54,0,9
537,56,0,6,1,43638.0,201,0,11
538,41,2,4,1,42710.0,406,0,14
539,43,2,3,0,84169.0,1919,2,20
540,49,0,5,1,54058.0,662,0,20
541,35,3,3,1,24683.0,41,0,8
542,61,0,6,0,85620.0,1600,0,14
543,45,0,3,1,47850.0,134,0,8
544,57,0,3,2,19514.0,69,1,10
545,52,1,3,2,27159.0,21,0,6
546,62,3,4,2,39548.0,54,0,7
547,36,0,4,1,21474.0,91,1,8
548,54,2,4,1,60504.0,526,0,18
549,62,0,3,0,22419.0,162,0,8
550,76,1,3,0,81698.0,1008,0,25
551,73,0,5,2,43462.0,240,0,16
552,47,2,4,1,54880.0,795,0,21
553,43,0,3,0,79908.0,1772,1,19
554,55,3,3,0,15315.0,64,0,8
555,66,0,5,1,87771.0,1957,4,20
556,47,0,3,1,33039.0,78,0,7
557,45,0,4,0,81741.0,1572,0,19
558,54,1,5,1,71499.0,795,0,26
559,55,3,3,1,62466.0,889,0,26
560,62,2,2,1,48799.0,331,0,15
561,75,2,5,1,52157.0,265,0,12
562,63,0,4,1,66565.0,1065,0,19
563,74,1,5,2,29298.0,11,0,4
564,46,0,4,1,47691.0,21,0,4
565,55,0,5,2,38200.0,17,0,4
566,51,0,3,1,44989.0,369,0,16
567,57,2,3,2,38443.0,38,0,6
568,47,3,4,1,38593.0,177,0,11
569,55,2,5,1,64413.0,279,0,12
570,44,1,3,1,36959.0,62,0,7
571,48,2,3,1,61996.0,1230,3,21
572,57,0,3,2,51287.0,182,0,11
573,55,0,3,2,13260.0,49,0,10
574,59,2,5,2,47472.0,75,0,8
575,69,1,5,2,54603.0,227,0,16
576,51,2,3,2,45207.0,215,1,15
577,74,0,5,1,40689.0,444,0,20
578,58,3,5,2,47821.0,47,0,5
579,74,1,3,0,27450.0,143,0,7
580,42,0,5,1,39453.0,55,0,7
581,54,3,5,2,26850.0,63,0,11
582,70,0,6,0,79800.0,1867,3,22
583,64,1,3,1,61794.0,611,0,20
584,70,0,5,1,53863.0,473,1,18
585,66,0,5,0,24221.0,55,0,6
586,41,2,4,1,39684.0,81,0,7
587,50,1,3,0,92163.0,2086,2,21
588,60,1,4,0,69882.0,1478,0,20
589,48,0,5,1,33178.0,49,0,5
590,53,2,3,0,59973.0,382,0,15
591,50,1,5,1,17459.0,69,0,9
592,56,0,2,1,23910.0,67,0,6
593,56,1,3,2,42169.0,30,0,6
594,47,3,3,1,26224.0,63,0,9
595,44,0,5,1,31089.0,79,0,10
596,64,0,4,1,30081.0,42,0,5
597,65,0,5,1,62807.0,819,0,23
598,70,0,4,0,72906.0,1151,0,17
599,77,2,3,2,61467.0,594,0,20
600,59,1,5,2,49618.0,129,0,11
601,39,1,4,1,21888.0,213,0,12
602,52,0,6,1,42429.0,67,0,7
603,69,0,2,3,26150.0,28,0,5
604,50,3,3,1,30801.0,45,0,6
605,60,0,3,0,81168.0,1193,1,18
606,56,1,4,0,26877.0,268,0,12
607,81,1,6,0,45006.0,266,0,12
608,52,3,3,1,18978.0,37,0,5
609,58,0,3,3,22574.0,37,0,7
610,56,2,4,0,48240.0,882,0,25
611,51,0,3,2,45837.0,373,0,18
612,60,1,4,3,35791.0,35,0,6
613,47,0,6,2,54162.0,42,0,5
614,65,1,3,1,30522.0,326,0,17
615,64,2,3,1,54456.0,404,0,17
616,54,0,4,0,31632.0,95,0,6
617,76,0,6,0,72298.0,939,2,14
618,47,3,4,1,36975.0,33,0,5
619,70,3,3,0,72635.0,981,1,21
620,49,0,3,1,13624.0,36,0,7
621,50,0,4,1,84196.0,1237,0,20
622,65,0,5,1,70971.0,1825,0,34
623,48,2,2,2,34487.0,103,0,9
624,48,0,4,1,28769.0,191,0,12
625,55,2,3,1,69084.0,1586,0,25
626,67,2,5,0,65488.0,963,0,14
627,55,3,3,1,62466.0,889,0,26
628,65,3,4,0,32218.0,93,1,7
629,52,0,4,0,83917.0,1587,0,21
630,63,0,2,3,46102.0,16,0,4
631,73,0,4,0,84574.0,1375,0,32
632,63,0,3,1,56181.0,393,0,14
633,75,1,2,1,63120.0,1477,0,26
634,54,0,3,1,73691.0,1179,1,18
635,65,0,5,1,63381.0,1005,0,26
636,77,2,5,0,76140.0,1348,0,21
637,66,2,2,1,62859.0,1307,0,23
638,61,0,4,1,45906.0,486,1,15
639,78,1,5,0,77632.0,2252,2,13
640,54,2,3,2,46463.0,235,0,17
641,55,0,5,0,105471.0,1724,2,30
642,55,1,2,1,55282.0,235,0,11
643,48,1,3,1,78710.0,1092,0,28
644,67,0,5,1,66886.0,599,0,17
645,65,1,4,0,98777.0,2008,1,19
646,40,0,5,1,29103.0,48,0,6
647,51,0,3,1,67445.0,1174,0,32
648,75,2,5,1,50616.0,67,0,7
649,70,0,2,1,49431.0,365,0,15
650,72,0,5,1,61278.0,165,0,10
651,67,3,5,0,26490.0,210,0,11
652,78,2,5,1,73059.0,1095,0,26
653,59,2,4,3,46734.0,223,1,12
654,62,0,5,1,56253.0,597,0,22
655,40,0,3,1,19986.0,22,0,4
656,50,0,6,1,58330.0,1064,0,24
657,45,3,3,0,25965.0,74,0,6
658,69,1,5,0,14661.0,26,0,5
659,66,0,3,0,18690.0,60,0,5
660,51,2,5,1,45068.0,20,0,4
661,38,3,4,1,21063.0,59,0,7
662,57,2,3,1,29187.0,34,0,5
663,54,3,3,2,54690.0,198,0,12
664,61,2,3,1,59304.0,1048,0,28
665,63,1,4,2,59247.0,574,0,21
666,55,0,6,1,66731.0,1029,0,17
667,45,0,3,1,77353.0,670,0,20
668,50,2,4,1,52614.0,990,0,16
669,51,0,3,2,26751.0,11,0,4
670,62,2,3,1,81300.0,1241,1,21
671,46,0,4,0,70337.0,576,0,17
672,40,3,3,1,36145.0,172,1,12
673,45,2,4,0,65295.0,664,0,20
674,62,0,2,1,68118.0,928,0,23
675,58,0,2,0,68743.0,2074,0,30
676,43,3,5,0,41039.0,467,0,15
677,70,0,5,1,38946.0,257,0,12
678,58,0,5,0,65777.0,1146,0,17
679,49,2,2,1,66476.0,689,0,20
680,53,2,4,0,86857.0,2114,0,22
681,36,2,5,0,77845.0,1346,2,21
682,56,2,5,0,69476.0,1044,0,15
683,65,2,2,1,50611.0,493,1,22
684,55,0,4,0,61209.0,957,0,13
685,67,1,5,1,42315.0,270,0,12
686,73,3,5,0,13084.0,29,0,5
687,76,1,6,2,47570.0,121,0,9
688,64,1,3,2,61923.0,126,0,8
689,30,0,4,0,34824.0,23,0,4
690,76,2,4,2,26518.0,57,0,8
691,64,0,4,0,45938.0,636,0,20
692,65,0,5,0,78468.0,1004,1,28
693,52,0,2,1,78901.0,734,0,20
694,47,0,3,2,71427.0,614,0,20
695,47,0,2,1,71022.0,1453,1,21
696,37,1,4,0,90247.0,1621,3,15
697,57,1,2,1,41335.0,187,0,12
698,39,0,3,1,71952.0,1443,2,22
699,55,2,2,1,35682.0,57,0,6
700,74,0,2,1,43185.0,637,0,20
701,77,2,5,1,66375.0,948,1,14
702,54,1,3,1,35178.0,59,1,5
703,39,0,3,1,25252.0,18,0,4
704,60,1,4,1,55250.0,903,0,26
705,50,0,4,1,33249.0,112,0,8
706,72,0,5,0,58398.0,596,0,20
707,43,0,5,1,50272.0,233,0,13
708,50,2,3,0,76618.0,1511,0,11
709,65,3,2,0,87305.0,1152,1,17
710,47,0,5,1,25851.0,48,0,7
711,55,0,2,1,58710.0,1185,0,31
712,67,0,4,2,45160.0,21,0,4
713,60,1,3,1,74806.0,965,0,16
714,71,0,3,0,59111.0,869,0,21
715,41,2,3,1,18988.0,16,0,6
716,60,0,3,0,72190.0,1947,0,16
717,49,0,3,1,7500.0,71,1,12
718,59,0,3,1,44794.0,65,0,6
719,70,0,3,0,80395.0,1380,1,24
720,49,1,2,0,75012.0,1027,0,23
721,60,1,3,3,56962.0,411,0,21
722,34,0,5,0,89891.0,836,1,26
723,76,2,2,2,35946.0,11,0,4
724,72,2,5,2,53593.0,480,0,23
725,47,0,3,2,66373.0,606,0,23
726,77,2,2,3,45072.0,284,0,16
727,52,0,2,2,89694.0,1472,3,14
728,76,0,3,0,72025.0,1677,3,26
729,52,0,3,1,67432.0,1335,0,19
730,73,1,5,1,70545.0,334,0,13
731,36,3,3,1,17487.0,18,0,4
732,56,0,5,1,62882.0,1338,0,20
733,72,2,4,1,64108.0,1099,0,30
734,69,1,5,2,34941.0,97,0,8
735,75,2,4,3,48767.0,63,0,9
736,47,3,5,1,38702.0,109,0,9
737,61,0,3,0,82224.0,902,1,21
738,73,0,5,0,83844.0,1574,1,20
739,50,3,3,1,17003.0,38,0,9
740,30,0,4,0,71163.0,960,0,24
741,55,0,4,1,33697.0,28,1,4
742,71,3,3,0,63564.0,1215,1,28
743,53,2,5,0,83443.0,1497,0,22
744,67,2,5,1,51518.0,449,0,17
745,50,0,6,1,58330.0,1064,0,24
746,56,0,3,0,80952.0,1757,3,25
747,46,0,5,0,75507.0,1440,0,21
748,47,3,5,0,63855.0,1006,0,24
749,53,2,5,1,62220.0,1226,0,23
750,61,0,3,1,58512.0,1171,0,20
751,46,1,3,1,40662.0,92,0,8
752,66,2,3,1,38829.0,99,0,8
753,44,3,3,1,35523.0,66,0,8
754,58,0,4,2,79146.0,564,0,19
755,37,1,3,0,78285.0,1427,0,21
756,47,2,4,1,31626.0,86,1,6
757,73,0,4,0,75127.0,833,0,19
758,70,0,3,1,48726.0,242,0,12
759,48,0,3,0,74985.0,1869,0,17
760,38,0,5,0,67430.0,1364,0,29
761,60,3,3,1,46891.0,183,0,8
762,69,1,3,1,62058.0,450,0,18
763,46,0,3,1,72063.0,758,0,21
764,74,2,3,0,78939.0,1507,0,20
765,60,0,4,2,42720.0,654,0,25
766,53,0,3,2,33622.0,81,0,9
767,68,2,5,1,6835.0,137,0,1
768,72,0,5,2,41452.0,16,0,4
769,60,2,4,1,40760.0,93,0,8
770,67,2,5,0,74250.0,1158,0,18
771,70,1,4,2,51124.0,43,0,6
772,54,0,4,1,72258.0,1525,0,22
773,51,2,4,0,71466.0,1230,0,19
774,49,0,5,2,36283.0,29,0,6
775,55,0,4,1,20587.0,25,0,5
776,53,0,3,1,30467.0,24,0,4
777,53,0,5,1,31590.0,38,0,5
778,39,3,3,1,20425.0,57,0,7
779,65,1,5,2,17144.0,47,0,12
780,57,2,2,1,42564.0,813,1,24
781,47,1,3,1,43783.0,629,1,22
782,49,0,2,1,40780.0,377,0,17
783,80,1,5,0,62847.0,1612,0,14
784,68,2,3,0,82017.0,729,3,17
785,75,0,4,0,16813.0,50,1,6
786,47,0,3,2,51267.0,270,0,15
787,64,0,4,1,46524.0,177,0,9
788,63,1,4,0,45183.0,315,1,13
789,71,2,3,1,70421.0,767,0,23
790,60,3,2,1,60161.0,1071,0,26
791,52,0,5,0,73926.0,1580,0,24
792,57,0,3,1,19329.0,60,0,10
793,55,1,3,1,61872.0,573,0,21
794,69,0,6,2,46984.0,41,0,5
795,74,0,3,2,34838.0,170,0,10
796,81,2,4,0,82716.0,1167,0,28
797,67,0,3,0,48192.0,1526,3,25
798,49,1,3,2,49681.0,458,0,21
799,54,1,3,1,56850.0,63,0,6
800,68,0,3,1,55267.0,405,0,17
801,53,0,3,2,59666.0,1027,1,20
802,53,0,4,1,72504.0,1478,0,22
803,44,0,3,0,26872.0,72,0,5
804,53,0,4,1,21359.0,48,0,7
805,50,0,4,0,73170.0,726,0,16
806,70,1,3,1,52750.0,860,0,27
807,39,2,5,0,91820.0,1497,0,22
808,55,2,5,1,65968.0,495,0,18
809,49,0,3,2,30772.0,20,0,4
810,71,0,4,0,22507.0,570,0,19
811,53,0,3,1,65685.0,769,0,21
812,47,3,3,1,25804.0,55,0,7
813,45,2,4,0,76412.0,1808,2,18
814,53,0,3,1,22063.0,55,0,7
815,64,0,4,0,57091.0,577,1,18
816,62,0,3,0,22419.0,162,0,8
817,66,0,5,1,87771.0,1957,4,20
818,66,3,2,1,78353.0,1576,0,24
819,71,0,3,3,93404.0,1616,2,17
820,63,0,2,3,37859.0,36,0,6
821,67,2,6,1,80995.0,1482,0,22
822,41,0,5,1,16529.0,22,0,5
823,49,2,2,2,55412.0,63,0,6
824,33,0,4,0,48789.0,680,0,18
825,58,2,5,2,56575.0,542,0,20
826,45,3,5,1,25130.0,50,0,7
827,58,0,3,2,35441.0,39,0,6
828,69,0,3,1,71391.0,1043,0,28
829,53,1,4,1,49494.0,385,0,14
830,45,0,2,0,81702.0,1633,0,27
831,45,3,4,1,45889.0,46,0,5
832,48,0,4,1,56628.0,761,1,20
833,75,0,5,2,34026.0,76,0,9
834,51,0,3,1,40049.0,290,0,14
835,37,0,4,1,34176.0,89,0,11
836,44,0,3,1,19419.0,70,0,11
837,65,3,3,0,82504.0,1066,0,17
838,55,0,5,0,81205.0,2009,3,19
839,34,3,4,0,61618.0,1345,0,19
840,69,1,4,1,55284.0,764,0,23
841,62,0,4,1,49980.0,195,0,11
842,45,0,3,2,15072.0,53,0,11
843,51,0,4,1,49166.0,368,0,13
844,71,2,3,1,65324.0,544,0,20
845,68,3,3,0,82347.0,1853,2,25
846,59,2,5,2,30843.0,35,1,6
847,51,2,3,1,46374.0,446,2,18
848,46,0,4,1,60474.0,1180,0,31
849,52,1,3,1,38576.0,41,0,5
850,40,0,3,2,55357.0,727,0,22
851,59,0,5,2,37758.0,40,0,6
852,36,3,3,0,85710.0,1062,1,26
853,56,0,5,1,23228.0,40,0,7
854,56,1,5,2,44602.0,292,0,17
855,38,0,3,0,7500.0,15,0,4
856,36,3,5,1,38683.0,341,0,17
857,50,3,4,1,49514.0,369,0,13
858,52,2,5,1,57906.0,401,0,17
859,59,1,4,1,43456.0,393,0,17
860,39,1,4,2,19485.0,10,0,4
861,47,0,5,1,53172.0,486,0,16
862,46,0,5,1,30545.0,69,0,7
863,42,2,5,0,70123.0,1727,2,17
864,66,0,4,1,62450.0,995,1,16
865,49,0,5,1,21675.0,45,0,10
866,44,3,4,2,42395.0,182,0,12
867,47,1,5,1,61346.0,989,0,23
868,72,0,5,0,80812.0,1677,3,18
869,54,1,2,2,42835.0,595,0,23
870,42,0,3,1,39922.0,156,0,9
871,69,1,4,0,86424.0,1226,0,28
872,47,3,5,1,17117.0,128,0,11
873,53,0,4,1,24762.0,86,1,9
874,50,0,3,1,35797.0,68,0,7
875,50,0,2,2,36627.0,16,0,4
876,44,3,3,2,51111.0,55,0,7
877,53,2,4,0,86857.0,2114,0,22
878,55,2,5,0,82072.0,2018,0,19
879,72,2,4,3,46231.0,263,0,15
880,66,0,3,2,42243.0,55,0,7
881,63,0,5,2,51195.0,564,0,24
882,47,1,4,0,68092.0,1281,0,20
883,52,0,3,1,31814.0,83,1,7
884,60,1,6,2,51390.0,353,0,18
885,42,0,3,0,76630.0,1003,0,25
886,34,3,4,1,26868.0,14,0,4
887,82,2,2,0,48948.0,902,1,24
888,53,2,4,1,55260.0,1139,0,25
889,69,0,5,1,64090.0,797,0,20
890,67,0,2,1,78331.0,1638,0,25
891,51,2,3,1,37087.0,401,0,17
892,39,0,2,1,21846.0,84,0,11
893,67,0,3,0,81320.0,928,0,18
894,55,0,2,1,54137.0,203,0,11
895,58,0,5,0,66825.0,858,0,16
896,52,0,5,0,57100.0,409,0,13
897,56,0,5,3,58917.0,282,0,16
898,48,0,4,0,85072.0,1423,0,18
899,64,0,4,0,86429.0,1449,1,18
900,54,0,6,1,45684.0,28,0,4
901,51,0,5,1,47889.0,67,0,6
902,39,2,3,0,45921.0,199,0,10
903,59,2,4,0,78420.0,1453,0,22
904,33,0,5,0,75114.0,1253,0,19
905,62,2,6,1,52278.0,1198,0,31
906,53,1,3,1,35641.0,178,0,10
907,31,0,4,0,95529.0,1990,1,18
908,71,0,3,0,62820.0,976,0,14
909,65,1,5,0,73113.0,1001,0,15
910,43,2,3,0,84169.0,1919,2,20
911,71,3,4,1,42607.0,350,0,14
912,71,2,4,0,74637.0,1650,1,25
913,70,2,5,2,46015.0,46,2,5
914,32,0,4,0,72354.0,1228,0,19
915,56,1,4,1,39858.0,95,0,7
916,77,2,3,2,34469.0,62,0,9
917,39,0,5,1,83033.0,1761,1,26
918,46,1,5,0,24401.0,467,0,16
919,47,0,3,0,77583.0,1149,1,19
920,43,3,4,0,74116.0,2052,1,19
921,32,0,4,0,74293.0,1127,0,16
922,49,2,3,1,68397.0,1416,0,21
923,51,2,5,0,79632.0,1113,0,20
924,36,0,4,1,46107.0,125,0,7
925,74,2,4,1,64950.0,966,1,25
926,36,3,3,1,25443.0,32,0,5
927,73,0,4,0,75127.0,833,0,19
928,54,2,5,1,32892.0,46,0,8
929,54,0,5,0,71796.0,960,0,17
930,55,2,3,1,67536.0,1829,1,30
931,54,0,4,1,55239.0,779,0,26
932,50,2,2,1,60554.0,811,0,23
933,73,3,4,2,64831.0,1120,0,22
934,63,2,5,1,56067.0,725,0,20
935,42,0,2,0,82025.0,1187,1,12
936,72,0,5,0,94384.0,2302,3,18
937,39,3,4,0,14906.0,66,0,9
938,38,2,3,0,51563.0,1250,2,19
939,43,3,3,1,57937.0,683,0,20
940,46,0,2,2,68274.0,305,0,13
941,48,0,5,1,39771.0,50,0,6
942,50,3,2,1,67893.0,995,0,16
943,46,2,5,1,27922.0,41,0,6
944,49,2,5,2,52190.0,77,1,9
945,52,1,2,2,44051.0,171,0,12
946,54,2,4,2,42767.0,131,0,7
947,49,1,5,2,46106.0,54,0,5
948,49,2,3,2,16927.0,53,0,12
949,60,0,3,1,59754.0,475,0,16
950,73,0,4,1,53700.0,694,0,22
951,52,0,3,2,59041.0,96,0,8
952,68,2,2,1,54237.0,361,0,16
953,58,0,2,1,70647.0,1079,0,26
954,63,2,4,1,52597.0,578,0,20
955,56,1,5,1,41021.0,64,0,7
956,50,2,3,1,40233.0,149,0,13
957,45,0,3,2,50183.0,231,0,17
958,66,0,5,1,54753.0,728,0,21
959,52,0,3,0,92955.0,1778,2,23
960,52,0,3,1,33471.0,93,0,10
961,51,2,3,1,34596.0,23,0,4
962,45,0,5,1,44010.0,662,0,24
963,37,0,3,0,84219.0,1198,0,18
964,57,2,5,3,40706.0,81,0,11
965,37,3,3,1,15716.0,92,0,10
966,66,3,2,1,59052.0,491,0,18
967,54,1,5,0,80573.0,1564,0,24
968,63,0,3,0,83715.0,926,0,24
969,66,1,5,0,82576.0,1910,1,19
970,60,1,3,3,56962.0,411,0,21
971,73,0,3,2,35704.0,94,0,9
972,71,0,5,1,53103.0,1085,1,28
973,65,3,6,2,46779.0,23,0,4
974,60,0,2,0,4861.0,6,0,0
975,46,1,2,1,33462.0,54,0,6
976,47,0,2,1,63693.0,1150,0,29
977,75,0,3,0,80763.0,1415,2,23
978,51,2,3,1,65352.0,405,0,16
979,47,2,3,0,82170.0,1908,0,19
980,56,0,3,0,75759.0,2486,3,26
981,49,3,4,0,79689.0,1315,0,27
982,69,2,6,2,35340.0,45,0,7
983,71,0,2,0,85683.0,1789,4,17
984,53,3,3,1,24884.0,19,0,4
985,44,1,5,1,42021.0,573,1,22
986,36,0,4,1,64449.0,805,0,24
987,71,0,2,2,64587.0,108,0,8
988,30,0,4,0,34824.0,23,0,4
989,47,0,5,0,75437.0,1493,1,23
990,68,0,5,2,26091.0,89,0,9
991,52,0,3,1,52845.0,936,1,25
992,69,0,2,1,46086.0,343,0,16
993,69,2,6,1,78028.0,528,2,20
994,38,2,4,0,95169.0,1901,2,12
995,44,3,3,2,56337.0,724,2,22
996,38,0,5,1,22434.0,58,0,7
997,71,2,3,1,36930.0,297,0,16
998,71,0,4,1,36130.0,488,1,21
999,72,1,3,1,65569.0,859,0,23
1000,73,0,5,0,83844.0,1574,1,20
1001,57,0,3,2,19514.0,69,1,10
1002,62,2,4,2,36736.0,17,0,4
1003,46,0,5,1,77568.0,2194,3,21
1004,49,2,5,1,49187.0,116,0,8
1005,47,0,4,1,30168.0,279,0,18
1006,57,1,5,1,34053.0,103,0,7
1007,54,1,3,2,38196.0,44,0,9
1008,74,1,3,0,59412.0,406,0,15
1009,60,3,3,0,70924.0,1363,1,20
1010,56,0,5,0,54165.0,236,0,11
1011,52,0,3,1,32300.0,39,0,5
1012,49,0,4,0,20180.0,137,0,8
1013,52,0,3,1,34961.0,79,0,10
1014,51,2,5,1,28440.0,63,0,6
1015,72,2,5,3,64504.0,1314,0,25
1016,59,1,5,1,33564.0,71,0,6
1017,47,0,3,1,17345.0,58,0,7
1018,58,2,3,1,56320.0,702,0,21
1019,47,0,4,1,28647.0,94,1,7
1020,38,3,4,1,15038.0,80,0,7
1021,67,2,2,1,32173.0,22,0,5
1022,61,3,5,1,68316.0,1211,0,32
1023,54,0,5,0,74538.0,1461,1,22
1024,54,0,4,0,91700.0,1968,0,20
1025,56,0,5,0,68695.0,1091,0,16
1026,48,3,3,1,31056.0,55,0,5
1027,52,0,3,0,79593.0,1366,1,19
1028,45,0,4,0,28071.0,313,0,13
1029,67,2,5,2,37334.0,62,0,11
1030,53,1,4,2,46423.0,92,0,9
1031,54,2,3,1,37126.0,72,1,6
1032,72,0,3,1,47703.0,655,0,21
1033,66,0,3,1,61180.0,704,1,18
1034,71,0,3,2,38998.0,54,0,8
1035,34,0,4,0,8028.0,178,0,16
1036,63,0,5,0,76081.0,1033,1,14
1037,39,0,5,1,34728.0,36,0,5
1038,60,1,4,1,33168.0,122,0,10
1039,59,1,3,1,33585.0,122,0,7
1040,65,2,3,1,77037.0,1123,0,27
1041,41,0,5,1,35196.0,497,0,18
1042,59,0,3,1,44529.0,691,1,25
1043,60,3,3,0,70924.0,1363,1,20
1044,59,2,5,2,28764.0,12,1,4
1045,76,2,3,0,69098.0,2440,0,25
1046,55,3,2,2,25959.0,56,0,7
1047,42,1,3,1,27100.0,37,0,5
1048,40,0,4,0,70596.0,968,0,21
1049,51,0,3,1,42557.0,270,0,15
1050,74,2,3,0,53312.0,278,0,12
1051,73,0,4,0,72228.0,1250,0,22
1052,38,0,5,0,67605.0,938,0,17
1053,76,1,3,2,62845.0,1178,1,28
1054,67,0,5,2,65196.0,1155,1,26
1055,38,2,4,0,42000.0,653,0,20
1056,52,2,2,2,35860.0,49,1,6
1057,61,2,3,1,65526.0,506,0,17
1058,64,0,3,2,16860.0,38,0,8
1059,33,0,4,0,83528.0,1650,2,23
1060,60,3,2,1,64176.0,1826,0,33
1061,69,0,2,0,22304.0,18,0,4
1062,47,0,3,0,67023.0,906,0,24
1063,54,2,5,1,32892.0,46,0,8
1064,59,0,5,1,70713.0,1477,0,25
1065,70,0,5,1,59925.0,766,0,23
1066,72,0,3,1,39722.0,47,0,7
1067,67,0,5,0,46610.0,467,0,14
1068,64,0,5,0,88347.0,2116,1,21
1069,44,2,3,0,87171.0,1298,2,25
1070,49,3,5,2,26907.0,22,0,6
1071,57,1,4,1,50014.0,396,0,15
1072,47,2,3,1,41014.0,20,0,4
1073,60,0,4,0,66294.0,967,0,13
1074,54,0,3,1,36715.0,357,0,19
1075,69,0,3,0,79456.0,1401,0,16
1076,43,0,5,1,40479.0,15,0,4
1077,55,1,4,0,75345.0,2087,1,20
1078,48,0,3,1,54233.0,981,0,26
1079,55,0,4,2,24163.0,17,0,6
1080,67,2,5,0,84460.0,523,4,22
1081,42,0,5,1,43776.0,23,0,4
1082,67,2,4,0,71691.0,1192,0,17
1083,52,2,3,0,85844.0,1958,1,20
1084,51,2,4,1,39190.0,133,0,9
1085,66,0,5,0,71367.0,777,0,17
1086,53,2,4,2,38578.0,73,0,9
1087,60,2,3,2,57236.0,121,0,10
1088,46,0,4,1,61825.0,424,0,15
1089,67,0,2,1,79803.0,868,0,13
1090,39,3,4,0,80910.0,756,0,15
1091,43,1,5,1,27590.0,12,0,4
1092,46,0,3,1,56775.0,937,0,25
1093,50,0,2,0,83829.0,1862,3,17
1094,46,3,3,1,54210.0,367,0,14
1095,39,0,3,1,38508.0,443,0,20
1096,55,0,5,1,53187.0,267,0,13
1097,53,0,3,1,30023.0,61,0,6
1098,65,2,4,0,76045.0,1323,1,21
1099,73,2,3,1,50870.0,63,0,6
1100,55,3,3,0,15315.0,64,0,8
1101,51,3,3,1,65463.0,562,1,19
1102,60,0,3,2,66480.0,312,0,19
1103,71,0,2,0,76773.0,1156,0,16
1104,42,3,4,0,81698.0,1104,1,16
1105,52,2,4,2,54466.0,16,0,4
1106,65,1,4,0,98777.0,2008,1,19
1107,41,2,4,1,16269.0,44,0,9
1108,54,0,5,1,71819.0,1574,2,14
1109,42,2,3,1,33569.0,63,1,5
1110,42,1,3,0,36262.0,426,1,12
1111,59,3,5,0,22634.0,96,0,6
1112,47,3,3,1,47025.0,635,0,23
1113,57,0,4,1,70566.0,757,0,22
1114,46,2,3,1,31605.0,125,0,9
1115,52,1,2,2,52034.0,332,0,16
1116,46,0,4,1,48526.0,135,0,8
1117,71,0,3,1,46734.0,330,0,14
1118,63,0,2,2,39552.0,384,0,20
1119,59,0,4,2,86358.0,1722,0,18
1120,48,0,5,3,46931.0,78,0,7
1121,40,3,4,0,16581.0,24,0,4
1122,73,3,2,0,63998.0,1168,0,25
1123,74,1,3,1,67381.0,957,1,17
1124,58,0,4,2,25930.0,15,0,4
1125,47,0,3,1,42693.0,57,0,5
1126,49,0,5,1,85606.0,1956,1,24
1127,40,0,4,0,72903.0,2013,3,21
1128,51,3,5,1,49669.0,326,0,14
1129,57,2,3,2,36778.0,77,0,9
1130,63,2,2,0,85696.0,1313,0,20
1131,36,1,2,0,10979.0,30,0,8
1132,64,0,3,1,49678.0,315,0,14
1133,72,1,5,1,56129.0,660,0,22
1134,36,0,3,1,37155.0,74,0,7
1135,47,3,2,1,21282.0,46,0,7
1136,63,2,4,1,33419.0,86,0,8
1137,80,0,6,0,63285.0,1103,0,25
1138,51,1,5,1,21255.0,61,0,11
1139,44,0,5,1,42162.0,145,1,9
1140,69,0,5,2,54450.0,684,0,31
1141,71,2,3,1,57744.0,411,0,16
1142,39,0,4,1,26576.0,27,1,4
1143,82,2,6,0,57513.0,1060,0,27
1144,61,0,5,1,68142.0,1459,0,24
1145,46,0,3,1,7500.0,18,0,4
1146,51,0,5,0,83145.0,1833,1,26
1147,65,1,3,1,54197.0,237,0,12
1148,62,2,4,2,23091.0,48,0,10
1149,49,0,3,2,46049.0,515,0,26
1150,51,0,5,0,56715.0,1020,0,15
1151,64,0,3,0,79410.0,1370,0,11
1152,74,0,3,1,57304.0,1026,0,25
1153,60,0,3,1,44375.0,301,0,12
1154,69,0,5,2,54450.0,684,0,31
1155,60,0,3,1,59594.0,499,1,17
1156,31,0,5,0,80685.0,1004,0,21
1157,51,2,3,1,40344.0,218,0,12
1158,53,0,3,1,62710.0,606,0,22
1159,57,3,3,1,48985.0,75,0,6
1160,57,0,5,3,35322.0,106,0,9
1161,77,0,3,0,77142.0,990,0,17
1162,56,0,4,0,81657.0,1097,0,16
1163,29,3,3,0,14421.0,16,1,4
1164,51,3,3,0,20130.0,34,0,5
1165,35,2,3,0,74214.0,1711,0,16
1166,68,1,3,2,66726.0,438,1,17
1167,46,3,5,1,23724.0,75,0,7
1168,65,1,3,1,47353.0,225,0,13
1169,73,1,3,2,33444.0,18,0,4
1170,44,0,3,1,54386.0,470,0,17
1171,44,0,2,2,28510.0,91,0,9
1172,34,1,4,0,90638.0,2525,1,18
1173,75,0,5,1,48070.0,504,0,19
1174,68,0,3,1,43140.0,235,0,11
1175,64,2,2,1,54959.0,1232,1,21
1176,67,3,4,2,15056.0,88,0,12
1177,54,0,4,1,26954.0,17,0,4
1178,40,0,4,1,22327.0,24,0,5
1179,60,0,3,2,44393.0,60,0,7
1180,73,2,4,1,62000.0,1020,1,26
1181,63,2,5,1,31497.0,155,0,10
1182,51,3,3,2,45894.0,51,0,5
1183,55,1,2,0,78579.0,1812,0,16
1184,56,1,6,1,67369.0,1461,2,25
1185,65,0,2,1,58401.0,96,0,6
1186,73,0,4,1,62307.0,160,0,9
1187,56,1,3,2,43641.0,139,0,10
1188,57,1,2,1,63841.0,908,0,22
1189,60,3,3,1,46891.0,183,0,8
1190,56,1,3,1,70091.0,1161,1,19
1191,53,2,3,0,78075.0,988,0,14
1192,64,3,6,1,59184.0,1072,0,27
1193,48,0,3,2,54809.0,174,0,12
1194,66,0,3,1,58113.0,758,0,22
1195,67,1,3,1,51412.0,195,0,11
1196,46,0,2,1,15287.0,31,1,6
1197,68,1,5,0,66636.0,1084,0,17
1198,69,1,3,1,50965.0,685,1,22
1199,60,2,3,0,84618.0,1672,1,26
1200,35,0,3,0,18351.0,43,0,6
1201,68,2,5,2,40451.0,49,1,5
1202,60,0,5,1,36317.0,133,0,9
1203,68,0,5,1,42213.0,363,1,15
1204,70,0,5,1,65748.0,545,0,18
1205,53,0,5,1,77044.0,1065,1,31
1206,56,0,5,0,74918.0,2047,1,21
1207,53,0,3,2,56721.0,296,0,15
1208,50,0,4,2,42160.0,140,0,11
1209,60,0,4,1,61559.0,530,0,17
1210,62,2,5,2,33629.0,152,0,13
1211,34,2,5,0,68682.0,1598,0,24
1212,62,0,4,1,34377.0,114,0,8
1213,39,3,4,1,8940.0,101,0,10
1214,52,0,3,1,26228.0,25,0,4
1215,68,3,2,0,77297.0,789,1,22
1216,44,0,3,2,40211.0,87,1,7
1217,67,2,6,2,33438.0,90,0,11
1218,66,2,3,1,75032.0,1215,0,20
1219,70,2,4,0,61284.0,811,1,22
1220,39,0,3,1,22518.0,61,1,7
1221,50,1,3,1,54730.0,405,0,18
1222,70,1,3,2,38452.0,72,0,9
1223,54,0,2,2,44421.0,189,0,14
1224,39,2,5,1,38197.0,40,0,5
1225,47,0,2,1,41986.0,63,0,10
1226,42,0,5,1,28427.0,52,0,7
1227,49,2,5,1,37395.0,39,0,5
1228,54,0,3,1,64722.0,805,0,25
1229,69,1,5,1,55249.0,130,0,8
1230,53,0,5,0,84906.0,1631,3,24
1231,36,0,3,1,28691.0,34,0,5
1232,73,0,4,2,44213.0,152,0,12
1233,41,3,4,1,25707.0,21,0,5
1234,58,2,3,3,59062.0,71,0,7
1235,63,0,4,1,76624.0,899,1,23
1236,78,1,5,0,66000.0,711,0,10
1237,47,2,5,1,27683.0,351,0,16
1238,54,0,2,0,1730.0,8,0,15
1239,33,3,4,1,7500.0,119,0,11
1240,57,0,5,2,40521.0,21,0,4
1241,52,2,5,1,20427.0,10,0,4
1242,50,0,3,1,65106.0,973,1,27
1243,60,2,3,0,69969.0,1536,2,13
1244,73,0,3,2,67433.0,992,1,28
1245,58,2,3,1,77766.0,1529,1,34
1246,53,0,3,1,74716.0,860,0,17
1247,62,0,2,1,68118.0,928,0,23
1248,55,2,3,2,55158.0,418,0,18
1249,70,3,3,1,62972.0,587,0,16
1250,50,0,3,1,74190.0,641,0,19
1251,49,0,3,2,39356.0,23,1,4
1252,56,0,5,0,76653.0,2279,2,23
1253,52,2,2,2,35860.0,49,1,6
1254,42,2,2,0,90687.0,1779,1,17
1255,43,1,5,0,73450.0,1804,2,27
1256,65,0,3,2,31454.0,48,0,8
1257,73,0,4,2,47139.0,83,0,7
1258,50,0,2,0,83829.0,1862,3,17
1259,62,2,3,2,53378.0,793,0,29
1260,55,0,5,1,19656.0,84,0,9
1261,77,2,3,1,45579.0,183,0,10
1262,67,3,4,0,85485.0,1383,0,19
1263,81,0,3,0,55956.0,999,1,16
1264,62,1,4,1,64191.0,825,0,24
1265,53,0,4,1,38808.0,246,1,14
1266,59,1,3,2,57183.0,610,0,25
1267,57,1,2,1,23748.0,76,0,9
1268,54,0,3,1,66303.0,1286,1,22
1269,50,1,3,1,37368.0,30,1,4
1270,61,0,3,3,40800.0,99,0,8
1271,47,0,2,0,71847.0,1192,1,22
1272,50,0,3,1,46149.0,362,0,18
1273,42,0,5,0,78687.0,2130,1,19
1274,54,3,2,0,49118.0,1229,2,28
1275,68,2,3,2,37633.0,38,0,6
1276,74,1,5,0,39767.0,485,0,17
1277,74,3,3,0,26997.0,434,0,13
1278,55,0,2,1,33986.0,44,0,5
1279,53,2,3,1,57091.0,496,1,18
1280,56,3,3,2,46831.0,78,0,7
1281,53,1,3,0,83151.0,2346,3,23
1282,54,0,3,0,52531.0,794,0,21
1283,69,0,3,0,15759.0,17,0,4
1284,54,0,4,1,22804.0,26,0,5
1285,52,3,3,1,43050.0,76,0,8
1286,48,2,4,2,42997.0,15,0,4
1287,62,2,4,2,48918.0,62,0,7
1288,71,1,5,1,60033.0,198,0,10
1289,47,2,5,1,34043.0,49,0,5
1290,59,0,5,1,57811.0,802,1,25
1291,79,0,3,0,78569.0,1736,1,15
1292,47,0,4,2,7500.0,57,0,10
1293,72,0,5,0,94384.0,2302,3,18
1294,40,3,3,0,23148.0,37,0,6
1295,55,0,2,2,44267.0,310,0,16
1296,46,0,3,0,71626.0,1305,1,19
1297,59,0,5,1,60894.0,832,0,26
1298,49,0,5,2,50200.0,401,0,19
1299,60,2,3,0,81051.0,1501,2,23
1300,43,0,3,0,65169.0,1189,4,28
1301,53,0,5,1,59868.0,1194,0,32
1302,65,2,3,1,65695.0,656,0,21
1303,69,1,4,0,64857.0,1540,0,23
1304,60,1,5,1,45143.0,311,0,15
1305,70,3,5,1,74805.0,820,0,26
1306,36,3,3,1,59060.0,274,0,14
1307,63,2,4,2,27238.0,57,0,9
1308,60,0,5,1,47009.0,448,0,17
1309,52,3,3,2,46094.0,44,0,5
1310,53,0,3,2,40321.0,102,0,8
1311,41,0,5,1,37235.0,61,0,5
1312,65,1,3,0,81843.0,1643,0,27
1313,67,1,5,1,46692.0,397,0,15
1314,57,0,5,1,77382.0,1121,1,26
1315,48,0,4,2,37774.0,473,1,16
1316,51,3,3,1,18393.0,50,0,8
1317,63,1,3,1,72828.0,1678,0,28
1318,43,0,3,0,24711.0,58,0,7
1319,50,2,3,1,45503.0,170,0,9
1320,43,1,4,0,6560.0,373,0,2
1321,80,2,5,0,71604.0,1196,1,17
1322,46,0,3,1,27244.0,101,0,8
1323,56,0,3,2,48752.0,316,0,17
1324,63,0,3,1,71434.0,1400,2,21
1325,77,0,4,0,90842.0,1424,0,27
1326,47,1,3,1,88097.0,844,3,20
1327,50,0,3,1,51948.0,311,0,13
1328,43,0,5,0,71853.0,1149,0,17
1329,42,1,3,0,35876.0,129,0,8
1330,73,0,6,1,40049.0,32,0,5
1331,43,0,4,1,39660.0,299,0,14
1332,63,0,5,1,50127.0,320,1,13
1333,48,1,3,1,43263.0,441,0,16
1334,76,1,3,2,62845.0,1178,1,28
1335,35,0,3,0,18929.0,85,0,6
1336,43,3,4,1,24367.0,24,0,4
1337,50,0,4,1,33249.0,112,0,8
1338,66,3,3,1,26887.0,30,0,5
1339,42,2,3,0,50150.0,410,0,16
1340,49,0,5,1,62061.0,800,1,24
1341,63,2,2,0,85696.0,1313,0,20
1342,69,2,5,0,76542.0,1483,0,23
1343,32,0,4,0,70515.0,1258,0,17
1344,38,0,5,1,18227.0,28,0,4
1345,60,0,3,1,69139.0,227,0,11
1346,43,0,3,0,69109.0,1555,1,20
1347,63,0,4,1,69627.0,861,0,23
1348,47,0,3,1,38136.0,103,1,8
1349,79,2,4,0,62159.0,634,0,19
1350,62,0,4,0,80695.0,1918,0,19
1351,54,1,4,2,33316.0,131,0,10
1352,57,0,5,2,58554.0,586,0,22
1353,33,3,3,1,17256.0,62,1,7
1354,51,0,2,2,53034.0,447,0,22
1355,75,3,5,0,52203.0,939,0,27
1356,48,3,2,1,59601.0,797,1,15
1357,67,1,4,1,75154.0,1143,0,16
1358,49,0,4,1,47025.0,415,0,17
1359,52,0,3,1,37971.0,30,0,5
1360,57,1,2,1,41335.0,187,0,12
1361,67,0,3,1,67267.0,251,0,11
1362,50,0,4,1,57338.0,237,0,12
1363,65,3,5,2,50523.0,91,0,8
1364,60,1,4,3,35791.0,35,0,6
1365,65,2,2,1,50611.0,493,1,22
1366,56,2,3,1,56242.0,971,0,28
1367,65,0,4,1,48904.0,371,0,17
1368,50,0,4,3,56243.0,396,0,20
1369,40,0,3,1,21355.0,68,1,7
1370,54,1,5,1,57420.0,322,1,15
1371,55,1,5,1,51381.5,317,0,14
1372,70,1,2,1,46390.0,222,0,10
1373,69,3,5,2,54342.0,177,0,12
1374,67,0,5,2,51381.5,45,0,5
1375,61,3,4,2,51381.5,21,0,4
1376,52,0,3,1,20895.0,45,0,6
1377,77,0,3,0,92344.0,1899,2,20
1378,53,2,5,1,51381.5,42,0,5
1379,49,3,5,2,26907.0,22,0,6
1380,45,0,5,2,44964.0,41,0,5
1381,46,0,5,0,75507.0,1440,0,21
1382,53,1,3,2,53761.0,325,0,17
1383,52,0,5,1,22682.0,95,0,10
1384,53,2,5,1,38887.0,42,0,5
1385,50,3,4,2,41658.0,72,0,6
1386,53,2,3,1,29791.0,20,0,7
1387,69,1,3,2,63915.0,789,0,23
1388,51,0,2,2,39996.0,15,0,4
1389,53,0,2,1,26759.0,59,0,8
1390,57,1,2,1,63841.0,908,0,22
1391,56,2,3,2,51039.0,417,0,14
1392,64,0,3,2,60544.0,289,0,15
1393,53,0,3,1,65685.0,769,0,21
1394,72,0,3,1,37716.0,188,0,10
1395,68,0,4,1,36864.0,354,0,14
1396,55,1,3,1,44511.0,727,0,26
1397,58,2,3,2,36947.0,146,0,11
1398,74,1,5,1,47352.0,319,0,16
1399,72,1,3,1,67087.0,794,0,22
1400,75,0,3,1,57045.0,454,0,18
1401,72,2,2,2,36957.0,152,0,11
1402,48,2,3,1,69389.0,797,0,22
1403,53,0,3,1,80134.0,1690,3,16
1404,56,1,3,2,43142.0,20,0,4
1405,81,0,3,0,80589.0,1428,1,21
1406,35,0,4,1,34412.0,209,0,11
1407,46,0,4,1,57537.0,545,0,19
1408,59,3,5,0,22634.0,96,0,6
1409,77,0,5,0,51315.0,222,0,10
1410,53,0,3,3,36026.0,61,0,7
1411,52,0,3,2,24639.0,44,0,9
1412,53,2,5,3,34578.0,8,0,4
1413,53,3,4,0,65704.0,817,0,23
1414,59,0,4,1,63810.0,1371,1,23
1415,56,2,5,1,54132.0,42,0,5
1416,66,0,3,0,18690.0,60,0,5
1417,55,0,3,1,28164.0,78,0,9
1418,51,2,3,1,34596.0,23,0,4
1419,53,2,3,1,43269.0,19,0,4
1420,67,3,4,2,38741.0,61,0,7
1421,53,0,4,0,31907.0,449,0,14
1422,42,1,3,1,27100.0,37,0,5
1423,52,3,2,1,31163.0,38,0,5
1424,40,0,3,0,92533.0,1131,2,23
1425,52,0,4,2,34853.0,34,0,7
1426,58,0,2,2,70844.0,294,0,17
1427,46,3,3,2,31086.0,48,1,6
1428,64,0,3,2,60544.0,289,0,15
1429,39,3,5,0,20491.0,30,0,4
1430,61,0,3,0,42523.0,125,0,7
1431,42,0,3,1,39922.0,156,0,9
1432,73,0,5,2,33402.0,70,0,9
1433,76,1,3,2,36408.0,22,0,4
1434,46,0,5,1,21645.0,65,0,9
1435,77,1,6,0,78427.0,1930,1,23
1436,79,0,5,0,82657.0,2283,2,23
1437,67,0,3,0,51876.0,310,0,13
1438,54,3,3,0,78041.0,1319,0,18
1439,68,0,3,1,52852.0,879,1,26
1440,43,2,5,0,70038.0,1244,0,17
1441,52,3,5,1,69401.0,690,0,17
1442,53,0,5,1,46053.0,209,0,12
1443,60,0,3,0,77343.0,1134,0,17
1444,72,0,4,0,73892.0,1507,0,23
1445,58,2,4,1,40304.0,57,0,6
1446,60,2,5,0,32727.0,529,0,17
1447,56,0,5,0,68695.0,1091,0,16
1448,54,0,2,1,43300.0,180,0,11
1449,53,0,5,2,26290.0,77,0,10
1450,55,0,4,0,93790.0,2349,3,25
1451,51,2,3,0,38410.0,534,0,18
1452,75,1,6,1,64866.0,556,1,21
1453,66,0,5,1,57957.0,637,0,25
1454,70,2,5,2,46015.0,46,2,5
1455,47,0,5,1,16531.0,44,0,9
1456,39,1,3,1,28072.0,47,0,5
1457,62,1,2,1,49476.0,795,0,22
1458,72,0,3,1,50725.0,586,0,21
1459,73,0,5,0,83844.0,1574,1,20
1460,75,2,3,2,41145.0,13,0,4
1461,55,0,5,1,67419.0,1471,0,25
1462,55,3,3,2,23162.0,65,0,8
1463,48,0,3,1,34380.0,175,0,12
1464,59,0,4,1,34704.0,40,0,5
1465,56,2,3,2,94871.0,1078,2,18
1466,67,0,3,1,65148.0,1115,0,21
1467,71,0,5,1,39898.0,134,0,9
1468,69,1,4,0,64857.0,1540,0,23
1469,55,2,3,1,59892.0,87,0,7
1470,38,1,4,0,41020.0,217,0,10
1471,64,2,3,1,57072.0,1034,1,27
1472,46,0,4,1,60474.0,1180,0,31
1473,65,0,5,1,62807.0,819,0,23
1474,44,3,5,1,19414.0,32,0,5
1475,45,0,3,1,19107.0,46,0,6
1476,49,3,5,1,75484.0,1159,0,18
1477,49,1,4,1,70379.0,860,0,25
1478,55,1,5,0,79419.0,1631,0,15
1479,79,2,5,3,64014.0,444,1,22
1480,70,0,3,1,76998.0,1910,1,29
1481,53,1,5,1,49854.0,380,0,18
1482,54,2,3,2,60585.0,736,0,30
1483,75,2,2,2,42873.0,269,0,15
1484,37,0,5,0,87679.0,2524,3,29
1485,47,0,5,1,57867.0,612,0,25
1486,35,0,3,1,35765.0,75,0,8
1487,66,0,3,0,65492.0,1045,0,26
1488,48,0,2,1,32952.0,55,0,6
1489,56,2,5,1,53374.0,1064,1,21
1490,66,0,5,1,71706.0,1443,0,25
1491,37,0,3,0,68487.0,1366,0,30
1492,50,1,5,2,53253.0,436,0,19
1493,52,3,2,1,31163.0,38,0,5
1494,48,0,3,1,42014.0,436,0,20
1495,52,1,3,2,54108.0,747,0,32
1496,70,2,4,0,49667.0,1396,1,22
1497,51,1,3,0,63206.0,928,1,14
1498,53,1,3,2,57136.0,642,0,26
1499,50,3,5,1,46772.0,1048,1,30
1500,54,2,3,0,78931.0,943,0,24
1501,67,0,5,1,53977.0,907,0,27
1502,37,0,3,0,84219.0,1198,0,18
1503,50,1,4,2,46098.0,120,0,11
1504,60,0,3,1,73538.0,1658,0,26
1505,39,0,3,0,79529.0,1638,0,22
1506,48,3,5,0,20981.0,73,0,7
1507,45,0,4,1,51766.0,275,0,12
1508,63,0,3,1,55759.0,854,0,26
1509,47,0,3,1,33039.0,78,0,7
1510,53,1,3,1,37787.0,106,0,7
1511,55,0,4,1,27242.0,106,0,7
1512,42,2,4,0,87188.0,1923,0,19
1513,54,0,5,0,69930.0,1662,0,22
1514,49,0,4,1,37697.0,84,0,7
1515,52,2,3,1,37401.0,48,0,7
1516,52,0,4,1,3502.0,5,0,0
1517,49,0,3,2,58597.0,733,0,32
1518,77,2,6,0,82032.0,1234,0,17
1519,67,0,5,2,28087.0,112,0,9
1520,38,2,4,0,74004.0,1658,2,15
1521,65,0,5,1,19740.0,55,0,7
1522,50,3,3,1,57036.0,1513,1,26
1523,67,3,5,2,53083.0,271,1,17
1524,50,2,3,1,69283.0,904,0,27
1525,50,1,4,2,46098.0,120,0,11
1526,37,3,3,1,23331.0,103,0,8
1527,37,3,4,1,23331.0,269,0,17
1528,36,0,4,1,9255.0,22,0,5
1529,66,2,6,0,67786.0,1156,0,16
1530,54,2,3,1,71969.0,1086,1,19
1531,58,1,4,1,59235.0,1128,0,28
1532,36,0,5,1,31928.0,72,0,9
1533,64,1,5,2,74881.0,964,0,27
1534,47,0,3,0,65819.0,1383,0,20
1535,72,2,4,3,51411.0,18,0,4
1536,61,0,2,1,51983.0,793,0,24
1537,39,1,5,1,42386.0,100,0,7
1538,38,3,3,0,30390.0,80,0,6
1539,62,0,4,0,30983.0,167,0,8
1540,68,0,6,1,66033.0,677,0,20
1541,50,3,3,2,37284.0,23,0,4
1542,74,1,2,1,57530.0,92,0,7
1543,60,3,3,0,76800.0,641,0,16
1544,69,0,3,1,63943.0,1106,0,17
1545,63,0,5,0,76081.0,1033,1,14
1546,51,0,3,1,67445.0,1174,0,32
1547,58,1,3,2,37054.0,25,0,6
1548,63,1,5,2,47175.0,240,1,17
1549,49,0,2,1,31859.0,20,0,4
1550,64,0,2,3,27215.0,102,0,11
1551,49,2,2,1,70179.0,1034,0,26
1552,42,0,3,1,39922.0,156,0,9
1553,49,1,3,2,49681.0,458,0,21
1554,37,0,3,1,24645.0,17,0,4
1555,71,0,2,1,79865.0,792,0,21
1556,40,0,3,1,44322.0,92,0,8
1557,73,0,4,1,47958.0,407,0,16
1558,61,1,4,1,63972.0,1269,1,23
1559,71,0,5,1,75315.0,841,0,23
1560,75,2,3,2,55517.0,633,0,23
1561,68,2,3,3,75283.0,1019,0,25
1562,79,2,4,0,82800.0,1315,2,26
1563,71,0,3,2,38998.0,54,0,8
1564,34,1,4,0,90638.0,2525,1,18
1565,39,1,3,1,27161.0,52,0,5
1566,48,0,3,1,42014.0,436,0,20
1567,65,2,5,1,38201.0,268,0,15
1568,43,0,5,2,45203.0,147,0,8
1569,78,2,5,0,81574.0,1798,2,18
1570,33,0,3,0,34935.0,137,0,8
1571,49,1,4,1,60482.0,507,0,17
1572,69,0,5,3,34633.0,15,0,4
1573,78,1,5,0,78093.0,1105,0,17
1574,75,0,2,0,82460.0,974,0,15
1575,59,1,5,1,45903.0,66,0,8
1576,38,0,2,0,81361.0,778,0,27
1577,52,2,2,2,35860.0,49,1,6
1578,73,1,5,2,40442.0,169,0,12
1579,60,0,3,0,61482.0,299,0,12
1580,45,0,3,1,34968.0,221,0,17
1581,38,0,3,0,75794.0,1682,1,25
1582,63,2,5,1,31497.0,155,0,10
1583,70,0,3,0,74268.0,892,0,13
1584,37,3,5,1,13724.0,58,1,5
1585,60,1,5,1,45143.0,311,0,15
1586,58,2,4,1,52569.0,95,0,7
1587,52,2,4,1,48432.0,424,0,19
1588,65,1,5,2,17144.0,47,0,12
1589,41,0,4,1,36108.0,339,1,15
1590,54,0,3,1,76445.0,1410,0,21
1591,50,2,3,1,36663.0,35,0,6
1592,60,1,3,1,53843.0,562,0,20
1593,69,1,3,0,90226.0,2352,1,24
1594,70,1,2,0,70638.0,1334,1,20
1595,65,0,5,2,44512.0,32,0,6
1596,64,0,3,2,27116.0,41,0,7
1597,62,2,3,2,54072.0,39,0,5
1598,48,0,3,1,71855.0,1141,0,25
1599,35,3,4,1,51250.0,710,1,24
1600,52,1,3,1,60432.0,401,0,19
1601,61,2,3,1,65526.0,506,0,17
1602,37,0,4,0,68655.0,1538,0,21
1603,47,3,3,0,12393.0,57,0,6
1604,35,0,4,0,64509.0,1722,1,19
1605,50,0,4,1,33955.0,270,0,15
1606,48,0,3,2,31353.0,31,0,6
1607,41,0,3,1,55434.0,882,0,24
1608,42,0,5,1,28359.0,16,0,4
1609,38,0,4,1,57100.0,311,0,14
1610,60,0,3,1,69139.0,227,0,11
1611,69,1,3,1,52973.0,1152,0,31
1612,60,2,5,1,51717.0,122,1,8
1613,54,0,3,1,18793.0,77,0,9
1614,43,3,5,0,66664.0,1289,0,19
1615,66,0,4,2,50664.0,561,0,24
1616,62,0,5,2,54414.0,211,0,13
1617,73,2,3,1,54549.0,233,0,12
1618,54,2,6,1,47111.0,1092,0,21
1619,62,2,2,0,41003.0,601,0,17
1620,43,0,5,1,19444.0,54,0,10
1621,49,3,5,1,36301.0,78,0,7
1622,78,2,5,1,73059.0,1095,0,26
1623,56,2,5,1,42731.0,244,0,13
1624,66,2,3,2,52854.0,116,0,9
1625,47,0,5,1,22775.0,15,0,4
1626,77,2,5,2,46681.0,425,0,16
1627,70,2,3,1,59821.0,734,0,26
1628,71,0,2,1,50002.0,638,0,19
1629,80,0,3,0,69755.0,894,0,22
1630,56,0,3,2,44078.0,41,0,7
1631,49,1,5,1,30560.0,31,0,5
1632,56,1,5,2,35924.0,34,0,5
1633,61,2,2,2,64140.0,1750,3,18
1634,44,0,5,2,56386.0,612,0,25
1635,46,3,5,1,24594.0,29,0,5
1636,44,3,5,1,75774.0,823,0,21
1637,65,1,2,0,39228.0,20,0,4
1638,51,1,3,1,58494.0,396,0,16
1639,44,0,4,0,58684.0,813,1,21
1640,58,0,2,0,57136.0,1179,0,20
1641,75,2,6,2,56551.0,138,0,10
1642,43,0,3,1,22448.0,55,0,9
1643,64,0,4,0,82014.0,1511,0,22
1644,62,0,6,2,34213.0,117,0,9
1645,78,2,6,1,25358.0,32,0,6
1646,47,1,4,1,35544.0,67,0,6
1647,71,1,5,1,36634.0,335,0,15
1648,71,2,3,1,62670.0,825,0,22
1649,53,3,5,1,50334.0,694,0,23
1650,44,0,4,0,72066.0,1792,2,17
1651,67,2,4,2,50729.0,496,0,24
1652,57,0,5,2,34916.0,231,0,13
1653,49,0,2,1,64892.0,902,0,24
1654,59,0,4,2,43602.0,68,0,9
1655,36,2,4,0,33996.0,71,0,6
1656,40,3,4,1,41473.0,76,0,6
1657,58,2,3,2,63246.0,772,0,22
1658,66,2,3,2,36732.0,47,0,9
1659,55,2,3,1,69084.0,1586,0,25
1660,58,2,3,1,77766.0,1529,1,34
1661,40,2,4,0,37929.0,265,2,13
1662,74,0,5,0,86610.0,1603,0,18
1663,39,1,3,0,80141.0,2091,1,22
1664,70,3,3,0,72635.0,981,1,21
1665,55,0,3,1,69016.0,1533,0,34
1666,34,3,5,0,20193.0,82,0,7
1667,50,0,3,1,27573.0,244,0,14
1668,46,3,4,1,15862.0,36,0,5
1669,49,2,3,1,49544.0,404,0,16
1670,45,0,3,1,33228.0,71,0,6
1671,47,0,5,0,70440.0,1572,1,23
1672,54,0,5,2,38232.0,122,0,11
1673,70,2,3,2,22554.0,41,0,10
1674,42,2,3,1,23536.0,10,0,4
1675,73,0,3,1,49413.0,304,0,13
1676,56,0,3,2,42231.0,37,0,5
1677,45,1,2,0,78789.0,1754,0,16
1678,57,0,5,1,56534.0,815,2,25
1679,54,0,4,1,58350.0,1001,0,27
1680,36,0,4,0,81217.0,1157,0,22
1681,74,0,4,1,49090.0,688,0,21
1682,38,1,2,0,61787.0,1319,0,19
1683,40,2,3,1,18169.0,21,0,4
1684,44,3,4,1,24336.0,31,0,4
1685,35,0,3,0,18222.0,67,0,6
1686,73,0,2,1,62335.0,708,0,21
1687,54,3,5,2,42033.0,25,0,4
1688,42,2,3,0,86580.0,746,1,11
1689,68,2,2,2,41437.0,32,0,5
1690,74,1,6,2,73705.0,1695,0,25
1691,49,0,3,1,61064.0,1080,0,28
1692,70,1,3,2,38452.0,72,0,9
1693,36,0,4,1,18358.0,57,0,10
1694,52,2,5,1,55012.0,660,0,25
1695,52,3,5,1,9722.0,103,0,11
1696,41,2,3,1,38175.0,153,0,11
1697,69,1,5,1,58656.0,1220,1,32
1698,60,0,5,1,52117.0,279,0,13
1699,47,0,3,1,64813.0,745,0,20
1700,52,2,3,1,54222.0,264,0,12
1701,39,0,3,0,83512.0,2157,4,22
1702,66,1,3,1,77520.0,1526,3,23
1703,47,0,5,1,41154.0,69,0,6
1704,59,0,3,0,80398.0,1597,1,26
1705,33,3,4,1,18746.0,64,0,8
1706,41,0,5,1,35196.0,497,0,18
1707,69,0,4,1,60230.0,1067,0,17
1708,48,0,3,2,22108.0,31,0,7
1709,51,0,5,2,44392.0,211,0,14
1710,49,2,3,1,55424.0,877,1,25
1711,46,0,3,1,17688.0,11,0,4
1712,42,2,3,0,92491.0,2034,3,25
1713,34,0,4,0,90273.0,1991,3,19
1714,63,2,6,0,82571.0,1686,1,24
1715,43,2,4,1,38513.0,324,0,17
1716,46,1,4,1,16653.0,69,0,9
1717,70,0,5,2,42586.0,252,0,16
1718,60,3,4,1,23529.0,54,0,5
1719,64,1,5,2,74881.0,964,0,27
1720,74,0,3,1,71107.0,1327,0,28
1721,61,2,5,2,46910.0,68,0,7
1722,66,0,3,0,18690.0,60,0,5
1723,70,0,2,2,37244.0,55,1,5
1724,59,0,5,0,82427.0,1456,1,21
1725,67,3,4,1,75342.0,563,0,18
1726,71,0,2,1,70044.0,1504,0,26
1727,58,0,4,2,79146.0,564,0,19
1728,62,0,3,0,77437.0,1125,1,23
1729,66,0,3,1,54984.0,358,1,17
1730,54,2,3,1,42403.0,42,0,5
1731,61,0,5,1,55761.0,184,1,10
1732,42,0,5,1,37292.0,460,0,19
1733,80,2,4,0,45576.0,145,0,8
1734,78,0,5,0,70321.0,1376,0,25
1735,56,2,2,1,58086.0,792,0,23
1736,73,0,3,0,81795.0,1382,0,23
1737,78,3,5,0,28389.0,28,0,4
1738,79,1,3,0,66835.0,1033,0,24
1739,56,0,2,1,69901.0,882,0,23
1740,76,2,3,0,80360.0,2231,3,15
1741,64,2,5,1,63342.0,1101,1,19
1742,51,0,3,1,44989.0,369,0,16
1743,45,3,4,1,31859.0,48,0,5
1744,76,2,6,1,51569.0,467,1,19
1745,54,0,6,2,30372.0,44,0,8
1746,46,3,4,2,16014.0,38,0,10
1747,57,0,3,2,41120.0,81,0,9
1748,54,1,4,1,39763.0,167,0,10
1749,70,2,3,2,38725.0,45,0,7
1750,53,0,3,1,77981.0,664,0,21
1751,61,3,3,1,62905.0,622,0,20
1752,46,3,2,1,13533.0,48,0,7
1753,50,0,5,1,59481.0,461,0,16
1754,48,0,3,1,72117.0,1073,0,26
1755,39,3,3,1,21955.0,55,0,8
1756,69,0,3,1,67131.0,976,0,26
1757,45,2,4,1,36802.0,20,0,5
1758,43,0,5,0,71853.0,1149,0,17
1759,64,3,3,0,28249.0,43,0,6
1760,50,1,3,1,47808.0,224,1,10
1761,51,2,2,1,25509.0,101,0,9
1762,79,2,3,0,51012.0,209,0,10
1763,40,0,4,0,70596.0,968,0,21
1764,73,2,5,0,85431.0,1165,0,17
1765,58,0,3,1,42664.0,24,0,5
1766,70,0,5,2,42586.0,252,0,16
1767,40,0,4,1,29760.0,165,0,12
1768,48,2,3,0,28973.0,269,0,13
1769,52,2,5,1,39435.0,102,0,7
1770,41,3,3,0,65370.0,461,0,19
1771,46,3,4,1,20194.0,47,0,7
1772,49,2,4,2,42473.0,144,0,10
1773,57,0,3,0,64590.0,1338,0,24
1774,66,0,5,1,71232.0,917,0,25
1775,54,0,5,2,34600.0,318,0,17
1776,58,0,4,2,46904.0,253,0,14
1777,52,0,3,1,49094.0,502,0,20
1778,42,0,5,1,36075.0,119,0,7
1779,46,3,5,2,60839.0,1250,0,29
1780,46,0,5,1,77298.0,969,0,24
1781,75,0,5,2,34026.0,76,0,9
1782,62,2,4,2,48918.0,62,0,7
1783,63,3,5,0,82122.0,1382,1,26
1784,49,0,4,1,37697.0,84,0,7
1785,73,0,5,2,34074.0,255,1,14
1786,65,1,3,2,28520.0,43,0,5
1787,70,0,4,1,62535.0,398,0,14
1788,48,1,4,1,36273.0,76,0,8
1789,61,0,5,2,63404.0,902,1,15
1790,44,3,5,1,75774.0,823,0,21
1791,49,0,5,1,78416.0,1179,0,26
1792,51,0,5,1,75702.0,1921,1,29
1793,74,1,5,2,59385.0,185,0,10
1794,59,0,4,2,37070.0,433,0,23
1795,74,0,3,2,44689.0,34,1,6
1796,67,0,5,1,53977.0,907,0,27
1797,59,2,4,2,7144.0,416,0,25
1798,61,0,4,2,18701.0,44,0,10
1799,69,0,3,0,90369.0,1588,0,17
1800,51,2,4,0,63159.0,1797,1,17
1801,59,0,5,2,37758.0,40,0,6
1802,62,2,4,1,46757.0,1143,0,21
1803,56,1,3,0,79734.0,914,1,14
1804,33,0,5,0,63207.0,1502,1,12
1805,71,0,2,1,72071.0,1338,0,20
1806,42,2,5,1,21840.0,27,0,5
1807,43,3,5,1,58582.0,763,1,22
1808,74,0,4,0,72282.0,1331,0,22
1809,69,0,3,2,50387.0,525,0,19
1810,64,2,5,2,32583.0,9,0,4
1811,63,0,5,1,62568.0,953,1,16
1812,54,1,2,2,44635.0,68,0,7
1813,54,1,4,2,33316.0,131,0,10
1814,57,0,3,1,63967.0,882,0,23
1815,47,3,5,0,52513.0,1149,0,25
1816,56,0,3,1,25293.0,37,0,5
1817,60,2,6,1,54111.0,388,0,15
1818,39,0,5,0,78394.0,1428,0,16
1819,67,1,3,0,80739.0,1633,0,24
1820,50,1,5,1,22669.0,173,0,10
1821,38,0,4,1,29236.0,99,0,9
1822,66,0,5,1,44911.0,215,0,12
1823,63,2,3,1,54693.0,929,0,31
1824,51,0,5,1,48186.0,219,0,12
1825,48,0,3,2,54809.0,174,0,12
1826,47,0,5,2,41580.0,92,0,9
1827,55,2,3,0,80336.0,1052,0,25
1828,68,0,3,1,47743.0,275,1,14
1829,70,3,3,1,62972.0,587,0,16
1830,71,2,2,1,57333.0,1662,0,33
1831,43,2,5,1,32313.0,159,0,11
1832,72,1,6,0,84953.0,1024,3,18
1833,57,1,2,1,27071.0,35,0,7
1834,68,1,5,0,68148.0,1042,0,15
1835,60,1,5,2,65735.0,395,0,19
1836,50,2,3,0,86836.0,557,3,23
1837,62,2,3,2,4023.0,9,0,15
1838,35,0,3,0,30093.0,69,0,6
1839,59,2,3,1,57705.0,486,0,18
1840,37,0,4,1,25008.0,34,0,6
1841,30,3,4,0,83257.0,1365,2,28
1842,50,0,5,1,22280.0,13,0,4
1843,47,2,3,0,72159.0,1401,0,21
1844,64,0,5,0,64260.0,1574,0,14
1845,41,2,4,0,82733.0,1323,0,20
1846,54,1,2,1,74290.0,1217,2,32
1847,74,1,4,3,58217.0,103,0,7
1848,49,1,5,0,21024.0,84,0,7
1849,53,2,3,0,70116.0,1536,0,23
1850,40,0,5,1,54006.0,581,0,18
1851,59,2,3,1,69063.0,928,0,14
1852,50,3,2,0,11448.0,14,0,4
1853,46,0,4,1,61825.0,424,0,15
1854,54,0,3,1,70886.0,960,0,14
1855,43,0,3,0,69109.0,1555,1,20
1856,52,0,6,2,60208.0,656,1,29
1857,57,1,5,2,32889.0,55,0,9
1858,41,0,4,1,34738.0,20,0,5
1859,54,1,5,1,30538.0,367,0,17
1860,48,3,5,0,82326.0,2257,3,22
1861,58,2,2,1,26642.0,42,0,7
1862,61,0,2,1,69932.0,1049,0,26
1863,53,0,4,2,44503.0,48,0,7
1864,77,2,4,1,60200.0,685,0,25
1865,73,0,2,1,49638.0,39,0,5
1866,38,3,4,0,23830.0,43,0,5
1867,66,1,6,0,33051.0,835,0,21
1868,67,0,3,0,72905.0,1515,1,20
1869,74,2,5,1,69702.0,1039,0,26
1870,50,0,2,1,70300.0,1596,0,26
1871,41,2,3,0,70643.0,1828,0,18
1872,56,2,3,1,30396.0,34,1,6
1873,57,2,2,1,50616.0,149,0,10
1874,56,1,4,1,62772.0,946,1,23
1875,40,2,4,0,30298.0,28,0,6
1876,41,0,4,1,52413.0,450,0,17
1877,68,2,3,2,44155.0,46,0,5
1878,54,2,2,0,86979.0,1702,1,16
1879,50,0,5,2,76532.0,820,0,25
1880,43,0,3,1,42081.0,382,1,15
1881,37,2,3,0,67546.0,2126,0,20
1882,36,1,5,0,88420.0,2069,3,20
1883,40,0,3,1,31158.0,72,0,7
1884,57,0,2,1,61671.0,732,2,28
1885,51,0,4,0,69719.0,801,0,11
1886,76,0,2,1,49160.0,236,0,12
1887,47,3,5,1,24882.0,80,1,5
1888,71,2,4,0,90933.0,1685,1,15
1889,80,2,4,0,113734.0,277,0,27
1890,75,2,5,1,59292.0,507,0,18
1891,61,2,3,2,45759.0,68,0,7
1892,42,0,4,0,22148.0,49,0,5
1893,38,1,3,0,73395.0,397,0,15
1894,54,0,2,1,29819.0,39,0,9
1895,57,0,3,1,45688.0,306,1,14
1896,71,0,3,0,62820.0,976,0,14
1897,54,2,3,1,60491.0,1028,0,28
1898,39,0,5,1,33235.0,70,0,7
1899,66,0,3,0,35701.0,46,0,5
1900,45,1,3,1,31535.0,51,1,5
1901,65,3,5,0,92556.0,1263,0,21
1902,55,0,4,1,67384.0,1490,1,22
1903,54,1,5,0,80573.0,1564,0,24
1904,58,0,3,1,77870.0,1815,2,18
1905,62,2,6,1,52278.0,1198,0,31
1906,57,0,4,1,57107.0,416,2,23
1907,35,0,3,0,18929.0,85,0,6
1908,44,2,4,1,36038.0,47,0,8
1909,49,0,4,0,20180.0,137,0,8
1910,60,2,5,2,34230.0,21,0,4
1911,48,3,4,1,31878.0,70,0,6
1912,53,3,3,1,70932.0,909,0,22
1913,69,0,4,0,91249.0,1676,4,22
1914,82,1,4,0,77598.0,1735,1,26
1915,66,0,4,2,80982.0,1191,0,30
1916,48,1,3,1,22701.0,24,0,5
1917,56,2,3,1,55212.0,1182,2,20
1918,55,0,3,0,70617.0,1280,0,14
1919,68,0,4,0,64849.0,1336,0,19
1920,60,1,3,2,62694.0,749,0,24
1921,51,2,3,2,61917.0,91,0,7
1922,78,2,3,1,67472.0,414,0,15
1923,43,1,3,1,21059.0,44,0,9
1924,57,1,3,2,29543.0,63,0,8
1925,74,0,3,1,75903.0,901,0,23
1926,50,3,5,2,34984.0,38,0,6
1927,69,2,4,1,54998.0,455,0,20
1928,76,2,6,1,54356.0,775,0,24
1929,66,1,3,1,34242.0,15,0,4
1930,52,0,3,1,25410.0,38,0,6
1931,41,2,3,0,73356.0,1512,3,22
1932,75,0,5,1,28320.0,43,0,5
1933,48,0,4,1,23763.0,42,0,5
1934,41,0,3,0,72570.0,1089,0,23
1935,49,1,3,1,34529.0,162,0,9
1936,74,0,6,0,70792.0,1272,0,19
1937,43,0,3,0,63211.0,1173,0,20
1938,51,1,3,1,83891.0,816,0,22
1939,57,0,4,2,36065.0,74,0,9
1940,71,0,5,1,39898.0,134,0,9
1941,85,2,4,0,51141.0,157,0,9
1942,49,0,3,1,56939.0,561,0,18
1943,74,0,4,0,80872.0,1336,0,19
1944,49,2,5,0,72335.0,2092,0,23
1945,61,2,4,0,61798.0,463,0,16
1946,75,2,6,0,76842.0,1130,0,17
1947,49,0,5,1,29478.0,20,0,5
1948,69,0,4,1,46998.0,377,1,18
1949,35,0,4,0,96843.0,1544,1,28
1950,75,2,6,2,56551.0,138,0,10
1951,60,1,3,1,70053.0,1012,0,26
1952,63,2,6,0,71670.0,1766,3,15
1953,47,0,3,2,44359.0,45,0,9
1954,73,0,4,2,40887.0,161,0,10
1955,59,0,2,1,48877.0,144,0,8
1956,78,0,5,0,74485.0,1734,0,26
1957,53,0,5,1,64474.0,823,0,22
1958,62,0,5,1,77226.0,1138,0,28
1959,76,0,6,0,72643.0,1429,1,21
1960,47,1,5,0,85738.0,1371,2,21
1961,59,0,2,1,55686.0,982,1,16
1962,42,0,4,1,39062.0,44,1,5
1963,54,0,5,2,34600.0,318,0,17
1964,50,0,3,1,40794.0,434,0,16
1965,54,3,3,2,54690.0,198,0,12
1966,56,0,3,1,4428.0,359,0,25
1967,62,3,3,0,32632.0,576,0,18
1968,57,2,4,2,38236.0,88,0,11
1969,46,0,3,1,36781.0,63,0,6
1970,41,1,4,1,31385.0,27,1,4
1971,41,0,3,1,24570.0,193,0,11
1972,51,2,2,1,25509.0,101,0,9
1973,74,0,3,0,94642.0,2211,2,21
1974,63,1,3,1,58646.0,140,0,8
1975,50,0,4,2,53201.0,415,0,22
1976,68,0,5,1,21994.0,22,0,4
1977,47,0,3,2,57113.0,263,0,16
1978,34,0,3,0,51373.0,393,0,12
1979,39,0,3,1,23477.0,147,0,10
1980,69,0,3,1,58116.0,443,0,16
1981,62,2,2,0,72968.0,1958,1,19
1982,54,1,3,1,39791.0,174,0,10
1983,78,1,4,0,91712.0,2217,1,27
1984,67,0,4,1,94472.0,1691,2,16
1985,65,0,5,2,13672.0,25,0,6
1986,45,3,3,0,96547.0,809,3,21
1987,50,0,3,0,79205.0,895,1,16
1988,50,2,5,1,56559.0,484,0,18
1989,52,2,3,1,32644.0,413,1,18
1990,45,3,4,1,67506.0,331,0,12
1991,55,0,4,1,24206.0,25,0,5
1992,58,2,2,1,28420.0,13,0,4
1993,55,0,3,1,22979.0,115,0,10
1994,59,0,4,0,33279.0,16,0,4
1995,53,1,4,2,46423.0,92,0,9
1996,48,0,3,1,30368.0,52,0,7
1997,55,0,3,1,63684.0,1464,0,23
1998,61,0,2,1,41638.0,441,1,17
1999,66,2,2,1,68805.0,283,0,12
2000,59,2,5,1,65814.0,747,0,23
2001,67,0,2,0,71964.0,1870,0,17
2002,39,0,4,1,39146.0,165,0,11
2003,48,0,5,0,96876.0,1941,3,24
2004,44,3,3,0,34445.0,839,0,27
2005,67,0,4,0,68281.0,1655,0,25
2006,50,3,3,2,37284.0,23,0,4
2007,42,0,3,0,36790.0,66,0,6
2008,58,0,5,2,27943.0,37,0,8
2009,74,0,2,2,22263.0,21,0,6
2010,53,0,5,3,30261.0,22,0,4
2011,47,0,5,1,28587.0,78,0,9
2012,43,1,3,1,43815.0,79,0,6
2013,69,0,3,2,48195.0,265,0,17
2014,73,1,3,1,77027.0,1175,0,19
2015,60,2,3,1,71322.0,1305,0,28
2016,46,1,3,1,32765.0,46,0,8
2017,60,0,5,2,29672.0,25,0,4
2018,72,0,2,0,23272.0,46,0,5
2019,76,1,5,1,49912.0,874,1,26
2020,40,3,5,1,7500.0,100,0,10
2021,78,2,6,1,68117.0,930,1,25
2022,70,0,3,1,67225.0,868,0,23
2023,49,0,3,1,17649.0,45,0,9
2024,50,0,5,1,55914.0,1260,0,29
2025,41,0,3,1,40059.0,414,1,12
2026,75,0,5,1,60905.0,392,0,15
2027,48,0,3,2,75330.0,1109,0,29
2028,74,0,4,1,60689.0,639,0,22
2029,41,0,3,1,38680.0,79,0,6
2030,43,0,5,0,61416.0,1665,1,24
2031,34,0,4,0,49767.0,692,0,18
2032,55,0,4,3,83273.0,1392,0,29
2033,44,0,3,1,29009.0,44,0,7
2034,46,1,3,1,45057.0,50,0,6
2035,54,0,3,1,37150.0,467,0,21
2036,55,0,4,1,43020.0,223,0,12
2037,66,0,3,1,53154.0,158,0,9
2038,52,0,3,0,65308.0,1211,2,28
2039,55,0,4,1,76467.0,1575,0,14
2040,78,3,3,0,81044.0,1208,0,22
2041,74,0,3,2,32871.0,43,0,5
2042,50,0,4,2,55801.0,527,1,21
2043,66,0,6,1,76320.0,932,0,15
2044,70,1,4,2,36927.0,71,0,8
2045,72,0,5,2,48794.0,54,0,5
2046,60,0,4,0,23478.0,129,0,7
2047,52,0,2,1,71128.0,1615,0,27
2048,49,2,2,1,70179.0,1034,0,26
2049,75,0,3,1,59462.0,1088,0,25
2050,56,1,5,2,51381.5,721,0,25
2051,56,0,5,1,38361.0,137,0,10
2052,44,2,4,1,51381.5,47,0,8
2053,43,2,5,0,70038.0,1244,0,17
2054,47,0,5,2,42554.0,41,0,7
2055,51,0,3,1,67445.0,1174,0,32
2056,74,0,6,1,67046.0,993,0,15
2057,77,0,3,0,42192.0,100,0,7
2058,73,2,3,1,77610.0,1680,0,17
2059,41,0,3,1,31761.0,98,0,9
2060,46,0,5,1,34350.0,48,0,5
2061,76,0,5,1,54591.0,519,0,19
2062,69,0,3,1,71866.0,715,0,20
2063,56,0,3,1,25293.0,37,0,5
2064,38,2,4,0,42000.0,653,0,20
2065,42,0,3,0,69520.0,1455,0,21
2066,55,0,2,1,64713.0,602,0,19
2067,48,1,3,1,27889.0,26,0,5
2068,65,3,6,0,22123.0,102,0,7
2069,54,0,3,2,51381.5,97,0,10
2070,71,1,5,1,51381.5,207,0,11
2071,52,0,3,1,27803.0,176,0,9
2072,70,0,4,1,51381.5,450,0,15
2073,65,0,3,1,51651.0,433,0,17
2074,37,0,3,0,68487.0,1366,0,30
2075,82,1,6,0,51381.5,1564,1,22
2076,56,0,3,1,56796.0,1001,0,27
2077,33,3,3,0,87000.0,961,0,18
2078,66,0,3,1,79823.0,1518,1,23
2079,45,0,4,1,30828.0,56,0,8
2080,54,1,3,1,34109.0,22,0,4
2081,51,1,2,2,53367.0,400,0,21
2082,56,3,5,0,22390.0,26,0,4
2083,49,0,5,1,71322.0,350,0,13
2084,32,0,0,0,79244.0,1216,2,22
2085,76,1,5,1,49912.0,874,1,26
2086,75,2,3,2,48699.0,40,0,5
2087,50,0,5,0,80144.0,1367,0,19
2088,69,0,4,2,54252.0,264,0,15
2089,49,1,3,1,81929.0,2053,2,20
2090,50,0,3,1,76068.0,1376,2,10
2091,49,1,3,2,53204.0,45,0,5
2092,76,2,5,1,67911.0,976,0,27
2093,41,3,3,1,14796.0,51,0,6
2094,51,2,3,1,78128.0,1264,2,20
2095,53,3,3,0,14188.0,75,0,7
2096,39,3,3,1,20425.0,57,0,7
2097,63,1,3,1,58646.0,140,0,8
2098,55,0,2,1,72967.0,497,1,19
2099,76,1,3,1,48150.0,266,0,13
2100,64,0,4,0,82332.0,2006,1,21
2101,70,0,6,2,58275.0,615,0,23
2102,44,2,5,0,44953.0,1021,1,24
2103,72,0,5,2,34587.0,22,0,6
2104,51,1,5,1,43018.0,133,0,7
2105,71,1,3,1,45736.0,437,0,19
2106,56,1,5,1,66476.0,1013,0,26
2107,44,3,3,1,27733.0,57,0,7
2108,73,2,5,1,69805.0,1038,0,27
2109,63,1,4,0,72217.0,1573,0,22
2110,54,0,2,1,25818.0,28,0,4
2111,49,1,5,1,37509.0,123,0,9
2112,49,3,5,2,25176.0,13,0,4
2113,45,0,3,1,43586.0,132,0,10
2114,69,3,3,1,53230.0,732,0,23
2115,68,0,5,2,50116.0,66,1,7
2116,53,0,5,0,84906.0,1631,3,24
2117,59,0,3,1,61286.0,608,0,18
2118,39,2,3,0,82333.0,1822,1,18
2119,60,2,5,0,65220.0,1282,0,23
2120,51,0,5,3,33590.0,8,0,4
2121,49,0,2,1,30992.0,43,0,5
2122,49,1,4,0,72309.0,1931,1,20
2123,45,3,3,1,16005.0,103,0,8
2124,68,1,0,0,65487.0,1169,0,17
2125,60,0,3,1,58692.0,395,0,15
2126,56,0,6,2,40590.0,258,1,15
2127,55,0,4,1,20587.0,25,0,5
2128,71,1,2,1,62637.0,185,0,10
2129,59,1,2,2,29435.0,180,0,11
2130,51,0,2,1,19346.0,22,0,5
2131,54,0,3,2,35788.0,44,0,7
2132,57,0,2,2,36997.0,94,0,12
2133,68,0,3,0,23539.0,81,0,7
2134,52,0,4,1,65333.0,798,2,28
2135,68,0,4,0,78499.0,1334,1,19
2136,54,2,5,1,29732.0,38,0,5
2137,65,1,5,3,41275.0,61,0,11
2138,52,2,5,2,63516.0,300,0,16
2139,63,2,3,1,42769.0,88,0,8
2140,67,1,3,2,49572.0,54,0,7
2141,53,0,3,0,69209.0,1782,1,16
2142,49,0,3,1,17148.0,68,0,11
2143,56,0,6,2,40590.0,258,1,15
2144,49,1,5,1,30560.0,31,0,5
2145,42,3,3,1,32146.0,66,0,8
2146,61,3,2,2,41713.0,174,0,13
2147,50,1,5,1,34176.0,28,0,5
2148,70,2,3,1,58482.0,731,1,22
2149,60,0,4,1,59686.0,274,0,12
2150,61,2,3,1,60896.0,1701,0,26
2151,45,0,5,1,62994.0,312,0,13
2152,68,0,5,1,47320.0,414,0,20
2153,76,3,6,0,74859.0,1565,1,23
2154,33,3,4,1,15253.0,29,0,6
2155,51,2,4,1,31560.0,94,0,8
2156,71,0,2,1,72071.0,1338,0,20
2157,35,1,4,0,91172.0,1092,4,14
2158,41,0,3,0,90000.0,1479,3,18
2159,44,0,4,2,41967.0,54,0,5
2160,60,0,4,1,69263.0,568,1,18
2161,55,3,2,0,65706.0,1199,3,27
2162,50,0,5,1,60934.0,873,0,23
2163,74,0,3,1,71965.0,1213,0,17
2164,70,0,3,1,65210.0,731,2,22
2165,50,2,3,0,79174.0,2043,2,19
2166,58,1,2,0,81380.0,1893,0,17
2167,52,2,7,1,48432.0,424,0,19
2168,54,0,3,1,52914.0,575,1,15
2169,70,0,5,1,38946.0,257,0,12
2170,51,0,3,1,26067.0,56,0,9
2171,53,2,3,1,44325.0,542,1,21
2172,61,0,3,0,42523.0,125,0,7
2173,47,3,4,1,26487.0,69,0,9
2174,68,3,3,1,53233.0,40,0,5
2175,65,0,3,1,67716.0,1016,1,28
2176,53,1,3,1,76234.0,907,1,23
2177,69,2,3,0,84117.0,1566,1,24
2178,68,1,5,0,65487.0,1169,0,17
2179,53,3,3,1,25224.0,46,0,7
2180,42,1,4,0,89616.0,1644,0,25
2181,54,0,2,2,40851.0,59,0,5
2182,78,0,3,0,27469.0,17,0,4
2183,68,3,3,0,82347.0,1853,2,25
2184,68,0,3,1,73803.0,1528,1,22
2185,73,1,4,2,8820.0,35,0,10
2186,51,0,4,0,43322.0,141,0,8
2187,52,0,5,1,55593.0,546,1,17
2188,71,0,3,2,50501.0,500,1,20
2189,50,0,3,2,37085.0,61,0,10
2190,35,3,4,1,16185.0,106,0,8
2191,56,0,4,1,57731.0,704,0,26
2192,52,2,7,1,48432.0,424,0,19
2193,47,0,3,1,73807.0,849,0,23
2194,35,0,3,0,18929.0,85,0,6
2195,57,0,4,2,35893.0,199,0,15
2196,45,0,3,1,61014.0,1147,0,20
2197,71,0,5,2,32144.0,54,1,10
2198,62,3,5,1,14918.0,43,0,5
2199,62,0,2,2,45146.0,53,0,6
2200,70,3,2,1,41769.0,521,0,22
2201,44,0,5,0,88325.0,1623,0,18
2202,75,1,2,2,38054.0,45,0,7
2203,30,3,4,0,80617.0,1435,0,19
2204,49,0,3,1,5305.0,32,0,1
2205,71,0,5,2,36807.0,16,0,4
2206,42,0,5,1,28427.0,52,0,7
2207,77,2,6,0,82032.0,1234,0,17
2208,47,0,5,1,22775.0,15,0,4
2209,40,1,5,1,40101.0,415,0,17
2210,46,0,3,1,58025.0,470,0,18
2211,43,1,4,0,75777.0,1438,2,21
2212,46,3,5,1,7500.0,53,0,11
2213,62,1,3,3,33562.0,51,0,9
2214,55,2,4,1,57642.0,679,1,22
2215,57,0,5,2,58554.0,586,0,22
2216,46,0,3,2,63777.0,653,0,26
2217,63,0,4,1,57967.0,468,0,19
2218,47,3,5,0,51381.5,1679,1,1
2219,53,0,3,2,24434.0,50,0,7
2220,41,0,4,1,11012.0,84,1,9
2221,55,1,4,0,44802.0,1049,0,27
2222,39,0,4,0,26816.0,22,0,4
2223,51,0,3,1,34421.0,30,0,4
2224,58,0,3,1,61223.0,1341,0,18
2225,79,2,5,3,64014.0,444,1,22
2226,44,0,2,0,56981.0,1241,1,19
2227,69,1,5,1,69245.0,843,0,23
2228,71,2,3,2,52869.0,172,0,11
