,Age,New_Education,Marital_Status,Kids,Income,Total_amount_spent,Accepted_campaign,Number_of_purchases,Complain
0,68,0,4,0,58138.0,1617,0,25,0
1,71,0,4,2,46344.0,27,0,6,0
2,60,0,5,0,71613.0,776,0,21,0
3,41,0,5,1,26646.0,53,0,8,0
4,44,2,3,1,58293.0,422,0,19,0
5,58,1,5,1,62513.0,716,0,22,0
6,54,0,2,1,55635.0,590,0,21,0
7,40,2,3,1,33454.0,169,0,10,0
8,51,2,5,1,30351.0,46,0,6,0
9,75,2,5,2,5648.0,49,1,2,0
10,42,0,3,1,51381.5,19,0,4,0
11,49,3,3,0,7500.0,61,0,6,0
12,66,0,2,0,63033.0,1102,0,16,0
13,73,1,2,2,59354.0,310,0,15,0
14,38,0,3,0,17323.0,46,0,5,0
15,79,2,4,0,82800.0,1315,2,26,0
16,45,0,3,2,41850.0,96,0,9,0
17,79,0,5,0,37760.0,317,0,13,0
18,76,1,3,1,76995.0,1782,1,26,0
19,40,3,4,1,33812.0,133,0,8,0
20,43,0,3,0,37040.0,316,0,12,0
21,46,0,3,1,2447.0,1730,0,43,0
22,76,2,3,1,58607.0,972,1,17,0
23,71,2,3,1,65324.0,544,0,20,0
24,74,0,5,1,40689.0,444,0,20,0
25,56,0,4,0,18589.0,75,0,8,0
26,49,0,3,2,53359.0,257,0,14,0
27,39,0,4,1,51381.5,637,0,27,0
28,36,0,3,1,38360.0,131,0,9,0
29,60,2,3,0,84618.0,1672,1,26,0
30,36,1,2,0,10979.0,30,0,8,0
31,62,1,5,0,38620.0,318,0,11,0
32,55,0,5,1,40548.0,120,1,9,0
33,73,2,2,2,46610.0,302,0,17,0
34,79,1,3,0,68657.0,1196,0,18,0
35,74,1,4,2,49389.0,65,0,6,0
36,55,2,3,1,67353.0,913,0,28,0
37,49,3,3,1,23718.0,81,0,9,0
38,52,0,6,1,42429.0,67,0,7,0
39,82,2,2,0,48948.0,902,1,24,0
40,45,0,3,1,80011.0,1395,0,21,0
41,40,1,3,1,20559.0,53,0,7,0
42,68,0,5,1,21994.0,22,0,4,0
43,66,2,4,0,51381.5,186,0,9,0
44,50,1,3,1,7500.0,31,0,8,0
45,49,0,4,0,79941.0,984,0,16,0
46,29,3,3,0,7500.0,122,0,10,0
47,57,0,5,1,41728.0,55,0,5,0
48,74,0,4,3,51381.5,124,0,10,0
49,71,2,3,2,72550.0,1319,0,28,0
50,68,0,6,1,65486.0,507,0,17,0
51,61,1,3,0,79143.0,1693,0,29,0
52,48,0,4,1,35790.0,72,0,7,0
53,48,0,2,0,82582.0,1617,2,21,0
54,47,0,3,2,66373.0,606,0,23,0
55,70,1,5,0,82384.0,1957,1,27,0
56,59,0,2,0,70287.0,1093,0,21,0
57,37,0,4,1,27938.0,29,0,6,0
58,43,0,4,1,51381.5,46,0,7,0
59,57,2,3,1,55954.0,518,0,19,0
60,43,1,4,0,75777.0,1438,2,21,0
61,50,0,5,2,66653.0,612,0,22,0
62,73,0,4,1,61823.0,884,0,24,0
63,74,2,6,1,67680.0,606,0,19,0
64,77,0,5,0,70666.0,1076,0,16,0
65,54,0,3,1,25721.0,34,0,5,0
66,58,0,5,2,32474.0,11,0,4,0
67,46,3,4,1,88194.0,1274,2,32,0
68,67,0,5,1,69096.0,653,0,18,0
69,55,0,5,3,74854.0,1562,0,19,0
70,71,1,3,0,66991.0,1253,0,21,0
71,52,3,3,1,51381.5,109,0,9,0
72,66,0,3,1,65031.0,863,0,30,0
73,50,2,3,2,60631.0,661,1,24,0
74,73,0,3,0,28332.0,65,0,8,0
75,48,0,2,1,40246.0,13,0,4,0
76,53,1,3,0,75251.0,1890,0,19,0
77,49,0,4,0,75825.0,2209,1,22,0
78,49,3,5,0,26326.0,18,0,4,1
79,60,0,5,0,56046.0,692,1,21,0
80,40,0,4,1,29760.0,165,0,12,0
81,56,0,3,1,26304.0,16,0,4,0
82,52,3,3,1,23559.0,79,0,9,0
83,62,1,5,0,38620.0,318,0,11,0
84,38,0,2,0,81361.0,778,0,27,0
85,65,0,3,2,29440.0,56,0,7,0
86,55,1,3,2,36138.0,151,1,13,0
87,68,0,4,1,50388.0,372,2,17,0
88,52,0,3,0,79593.0,1366,1,19,0
89,58,0,5,1,54178.0,194,0,10,0
90,68,2,3,3,51381.5,603,0,29,0
91,68,0,4,2,51381.5,18,0,4,0
92,52,1,5,0,51381.5,985,0,15,0
93,53,1,4,1,42394.0,32,0,5,0
94,55,2,3,1,23626.0,43,0,10,0
95,42,0,3,1,30096.0,45,0,6,0
96,65,0,6,1,47916.0,606,1,22,0
97,53,0,2,2,51813.0,63,0,7,0
98,74,3,3,0,78497.0,978,1,25,0
99,42,2,3,0,50150.0,410,0,16,0
100,65,3,4,1,47823.0,72,0,7,0
101,66,2,4,1,34554.0,55,0,7,0
102,46,0,5,1,85693.0,1169,0,27,0
103,80,2,3,0,65846.0,1120,0,16,0
104,66,0,3,0,87195.0,1097,0,20,0
105,46,3,5,1,24594.0,29,0,5,0
106,61,0,3,2,49096.0,187,0,13,0
107,56,0,3,2,52413.0,910,0,26,0
108,47,0,4,1,38557.0,145,0,9,0
109,65,1,3,0,89058.0,850,0,14,0
110,46,0,5,1,77298.0,969,0,24,0
111,34,2,4,0,68126.0,1820,1,17,0
112,62,1,5,1,57288.0,608,1,20,0
113,34,0,4,0,86037.0,730,2,25,0
114,45,2,3,1,43974.0,551,0,21,0
115,63,0,4,2,50785.0,114,0,8,0
116,55,0,3,0,90765.0,1724,2,15,0
117,47,3,3,1,36550.0,577,0,20,0
118,58,3,5,2,30753.0,81,0,7,0
119,56,0,5,1,21918.0,33,0,7,0
120,72,1,5,1,56129.0,660,0,22,0
121,58,1,4,1,32557.0,80,0,9,0
122,40,1,3,2,19510.0,30,0,6,0
123,49,0,2,1,30992.0,43,0,5,0
124,42,0,4,0,101970.0,1135,3,27,0
125,60,3,5,0,71488.0,559,0,16,0
126,41,0,4,0,79607.0,1923,0,16,0
127,72,1,3,2,54348.0,90,0,8,0
128,64,2,3,1,51381.5,404,0,17,0
129,69,2,5,2,77376.0,661,0,23,0
130,73,0,3,1,62998.0,463,0,19,0
131,67,1,1,2,61331.0,632,0,23,0
132,56,0,3,0,73448.0,725,0,19,0
133,62,0,3,1,51381.5,725,0,19,0
134,61,2,3,2,41551.0,279,0,16,0
135,58,2,5,0,62981.0,1482,1,23,0
136,49,3,2,1,9548.0,29,0,6,0
137,66,2,3,3,33762.0,106,0,9,0
138,52,2,1,2,35860.0,49,1,6,0
139,60,2,2,2,36921.0,38,0,7,0
140,33,1,4,0,92859.0,2077,0,22,0
141,49,1,5,1,65104.0,1053,0,17,0
142,63,0,3,0,86111.0,1385,0,23,0
143,51,2,4,1,68352.0,871,0,25,0
144,37,0,5,1,41883.0,312,0,12,0
145,49,0,3,2,59809.0,877,0,15,0
146,50,0,3,1,23957.0,68,0,6,0
147,44,0,5,1,38547.0,22,0,4,1
148,52,3,3,3,35688.0,211,0,16,0
149,59,1,3,0,49605.0,127,0,8,0
150,72,1,3,2,59354.0,459,0,16,0
151,56,0,3,1,65747.0,460,1,19,0
152,53,3,5,1,46344.0,429,0,17,0
153,37,0,1,1,34176.0,89,0,11,0
154,73,2,5,1,61010.0,1021,0,26,0
155,76,0,5,0,69372.0,1381,2,21,0
156,67,0,4,1,49967.0,306,0,15,0
157,47,0,4,3,60199.0,18,0,4,0
158,48,0,5,1,55375.0,162,0,9,0
159,70,0,4,0,80317.0,1231,0,18,0
160,67,1,4,3,30523.0,13,0,4,0
161,80,2,3,0,70356.0,1706,0,27,0
162,41,0,3,1,23228.0,121,0,11,0
163,50,2,2,0,74165.0,1293,0,20,0
164,59,0,5,3,43482.0,88,0,9,0
165,72,0,2,0,62551.0,421,1,18,0
166,66,0,2,0,52332.0,259,1,12,0
167,37,0,4,0,66951.0,1117,0,15,0
168,68,0,5,2,26091.0,89,0,9,0
169,60,0,5,2,33456.0,36,0,6,0
170,43,0,3,1,28718.0,57,0,7,0
171,55,0,3,2,50447.0,148,0,8,0
172,66,2,5,2,53537.0,93,0,8,0
173,58,0,4,1,52074.0,119,1,7,0
174,50,2,3,1,80427.0,1835,0,28,0
175,77,2,3,0,83837.0,1318,2,25,0
176,55,2,3,2,38853.0,45,0,7,0
177,66,0,5,3,38285.0,10,0,4,0
178,74,3,3,0,78497.0,978,1,25,0
179,49,2,3,1,51650.0,191,0,10,0
180,37,3,3,1,16248.0,57,0,9,0
181,79,1,3,0,66835.0,1033,0,24,0
182,41,1,3,1,30477.0,66,0,6,0
183,64,3,3,0,28249.0,43,0,6,0
184,42,0,3,1,25271.0,50,0,5,0
185,55,2,4,1,32303.0,39,0,7,0
186,59,0,3,1,61286.0,608,0,18,0
187,49,0,3,0,74068.0,1581,0,24,0
188,61,2,3,2,45759.0,68,0,7,0
189,47,3,5,1,24882.0,80,1,5,0
190,36,2,5,0,66973.0,1282,0,28,0
191,37,0,3,1,38872.0,91,0,8,0
192,52,0,3,2,51148.0,315,0,16,0
193,48,0,3,2,31353.0,31,0,6,0
194,45,1,3,0,69661.0,834,0,23,0
195,71,0,3,0,80067.0,1600,1,17,0
196,71,0,3,0,86718.0,1270,0,17,0
197,52,2,4,2,46854.0,263,1,15,0
198,73,0,2,1,69142.0,535,1,19,0
199,57,0,4,0,75922.0,1295,0,18,0
200,47,0,2,1,63693.0,1150,0,29,0
201,48,2,5,0,102160.0,1240,3,26,0
202,60,2,4,2,40637.0,38,0,6,0
203,41,1,4,0,18890.0,35,1,4,0
204,37,0,5,1,29604.0,53,1,5,0
205,62,1,2,2,48721.0,293,0,17,0
206,59,0,3,1,44794.0,65,0,6,0
207,71,0,2,1,64497.0,1804,1,29,0
208,69,0,5,1,46097.0,241,0,15,0
209,71,0,5,0,77972.0,1101,0,20,0
210,57,2,3,2,44377.0,264,0,19,0
211,51,1,5,2,46014.0,541,0,26,0
212,40,0,3,0,70951.0,1198,0,17,0
213,48,0,3,1,41443.0,482,0,20,0
214,47,3,4,3,52195.0,17,0,4,0
215,77,1,3,0,83790.0,1615,2,25,0
216,71,1,6,1,44551.0,285,0,12,0
217,45,0,5,1,69508.0,1135,0,28,0
218,37,3,5,1,45204.0,114,0,7,0
219,56,0,3,0,72460.0,1047,0,16,0
220,55,2,5,2,77622.0,714,0,22,0
221,45,2,3,1,30732.0,185,0,13,0
222,63,0,2,1,63887.0,1245,0,32,0
223,47,0,5,1,42011.0,189,0,12,0
224,49,0,5,1,51369.0,576,0,16,0
225,73,0,2,1,51537.0,1103,0,18,0
226,53,2,3,0,79930.0,1753,0,17,0
227,39,2,5,1,34320.0,17,0,4,0
228,59,0,4,2,37070.0,433,0,23,0
229,63,3,2,1,81975.0,1588,1,14,0
230,54,0,5,1,38590.0,22,0,4,0
231,74,0,4,0,15033.0,19,0,5,0
232,60,2,3,1,62745.0,1117,0,29,0
233,50,3,3,1,22212.0,69,0,8,0
234,43,1,5,1,23661.0,23,0,5,0
235,67,2,4,1,79761.0,605,0,19,0
236,52,0,4,1,7500.0,57,0,11,0
237,57,0,6,0,73455.0,2088,1,22,0
238,67,0,5,1,64961.0,1009,0,16,0
239,54,0,4,1,22804.0,26,0,5,0
240,35,0,3,0,73687.0,1627,1,22,0
241,67,0,3,1,61074.0,1102,0,31,0
242,61,2,3,2,31686.0,17,0,6,0
243,53,0,3,1,80134.0,1690,3,16,0
244,72,0,3,1,75027.0,1390,0,21,0
245,37,2,3,0,67546.0,2126,0,20,0
246,56,1,5,1,65176.0,1531,0,25,0
247,50,1,4,1,31160.0,64,0,7,0
248,40,0,4,1,29938.0,26,0,6,0
249,51,0,2,0,102692.0,1112,4,29,0
250,67,3,5,0,26490.0,210,0,11,0
251,58,0,5,2,75702.0,1148,0,26,0
252,51,2,4,1,30899.0,33,0,6,0
253,64,2,5,1,63342.0,1101,1,19,0
254,61,0,4,1,45989.0,322,0,16,0
255,61,0,4,2,18701.0,44,0,10,0
256,68,2,4,3,40737.0,17,0,4,0
257,46,0,2,1,15287.0,31,1,6,0
258,57,2,2,2,69674.0,845,0,25,0
259,55,1,3,1,44159.0,275,0,15,0
260,47,2,3,1,37717.0,25,0,4,0
261,73,1,5,2,43776.0,275,0,17,0
262,59,1,3,2,38179.0,90,0,11,0
263,62,0,3,0,80124.0,1495,1,19,0
264,55,2,3,2,38097.0,184,1,11,0
265,55,0,3,0,72940.0,981,0,13,0
266,55,0,5,1,22070.0,67,0,8,0
267,72,0,4,0,69267.0,1635,0,14,0
268,42,1,4,1,31788.0,60,0,10,1
269,50,2,5,1,61905.0,231,0,12,0
270,65,0,3,2,29315.0,48,0,10,0
271,62,0,2,2,33378.0,99,0,9,0
272,62,2,5,1,66313.0,770,0,23,0
273,69,0,4,0,60714.0,957,0,23,0
274,44,1,5,0,77882.0,818,0,12,0
275,39,2,4,0,69867.0,925,1,17,0
276,57,1,2,1,63841.0,908,0,22,0
277,44,3,3,1,24480.0,102,0,10,0
278,49,0,5,1,51369.0,576,0,16,0
279,79,0,5,0,37760.0,317,0,13,0
280,51,2,5,1,65640.0,461,0,15,0
281,50,1,3,2,44319.0,37,0,7,0
282,51,0,3,1,30631.0,70,0,7,0
283,73,0,5,0,75278.0,930,0,23,0
284,69,1,5,2,50898.0,859,0,33,0
285,59,0,6,0,79946.0,1478,0,22,0
286,76,1,2,0,35416.0,390,0,16,0
287,41,3,5,0,32414.0,52,1,5,0
288,56,0,5,1,38361.0,137,0,10,0
289,45,0,3,0,82497.0,1919,1,19,0
290,54,0,5,2,16626.0,68,0,9,0
291,60,0,5,2,29672.0,25,0,4,0
292,73,1,5,1,55951.0,1374,2,23,0
293,37,3,2,1,35388.0,32,0,5,0
294,39,1,5,1,42386.0,100,0,7,0
295,43,0,4,0,68627.0,825,0,12,0
296,60,2,2,1,57912.0,916,1,28,0
297,67,0,2,2,35246.0,62,0,11,0
298,69,3,5,1,58821.0,728,0,21,0
299,47,2,3,1,46377.0,90,0,7,0
300,37,0,4,1,39747.0,273,0,13,0
301,41,0,5,1,23976.0,66,0,10,0
302,64,1,3,0,80950.0,1213,1,23,0
303,59,0,6,0,27038.0,107,0,7,0
304,78,0,4,0,77457.0,1157,1,18,0
305,61,1,3,1,64100.0,546,1,18,0
306,33,1,5,0,42670.0,241,0,11,0
307,49,0,2,1,12571.0,53,0,11,0
308,58,0,3,3,22574.0,37,0,7,0
309,36,0,3,0,51381.5,1611,2,24,0
310,49,1,4,0,70893.0,1508,0,23,0
311,59,0,3,2,54198.0,235,0,16,0
312,69,1,5,2,28839.0,32,0,7,0
313,53,0,3,2,40321.0,102,0,8,0
314,40,0,4,1,66503.0,401,0,15,0
315,74,0,3,2,30833.0,28,0,6,0
316,55,0,4,3,51381.5,1052,2,21,0
317,54,0,3,1,64795.0,680,0,21,0
318,51,0,3,1,34421.0,30,0,4,0
319,60,2,2,2,47025.0,20,0,4,0
320,64,2,2,1,64325.0,1307,0,23,0
321,72,0,4,1,40464.0,630,0,24,0
322,68,0,3,0,62187.0,1283,0,18,0
323,49,2,2,1,14849.0,65,0,9,0
324,41,0,3,1,27255.0,37,0,5,0
325,75,2,3,3,54432.0,38,0,5,0
326,39,2,4,1,29999.0,160,0,12,0
327,42,0,4,1,24072.0,23,0,4,0
328,36,2,4,0,33996.0,71,0,6,0
329,69,2,3,1,66334.0,1161,0,19,0
330,54,1,3,1,35178.0,59,1,5,0
331,42,0,5,1,22010.0,33,0,7,0
332,65,0,2,2,62204.0,946,0,22,0
333,57,0,2,0,75693.0,1442,3,22,0
334,53,0,3,1,30675.0,62,0,5,0
335,60,0,5,0,83003.0,1674,1,22,0
336,37,0,4,0,68655.0,1538,0,21,0
337,39,0,2,0,41411.0,139,0,8,0
338,56,2,3,1,55212.0,1182,2,20,0
339,75,2,5,1,59292.0,507,0,18,0
340,52,3,5,1,27190.0,18,1,4,0
341,73,0,2,0,82623.0,940,0,16,0
342,60,0,3,2,44300.0,42,0,6,0
343,55,0,2,0,84835.0,1190,0,15,0
344,54,0,6,2,30372.0,44,0,8,0
345,49,1,3,1,33181.0,16,1,4,0
346,68,0,3,1,71113.0,835,0,26,0
347,39,0,3,1,71952.0,1443,2,22,0
348,59,2,4,0,69759.0,1029,0,18,0
349,51,0,3,0,72099.0,1188,0,18,0
350,49,2,4,1,60000.0,1277,0,24,0
351,47,0,4,2,38643.0,49,0,7,1
352,70,0,3,1,50737.0,99,1,7,0
353,56,2,3,0,68462.0,1670,0,15,0
354,82,1,3,0,65073.0,900,0,14,1
355,77,2,5,2,46681.0,425,0,16,0
356,68,0,3,0,78618.0,2153,1,22,0
357,56,2,6,1,62187.0,636,0,21,0
358,47,0,3,2,28442.0,57,0,10,0
359,47,2,3,1,37717.0,25,0,4,0
360,58,0,3,2,51479.0,494,0,22,0
361,56,0,4,1,54803.0,693,0,19,0
362,65,0,3,0,79530.0,1348,0,26,0
363,49,0,2,1,31615.0,51,0,7,0
364,63,0,5,0,72025.0,1932,0,16,0
365,50,2,4,1,52614.0,990,0,16,0
366,41,3,3,1,35684.0,30,0,5,0
367,50,0,3,2,48178.0,254,0,16,0
368,55,1,4,1,29548.0,29,1,5,0
369,59,0,4,1,63810.0,1371,1,23,0
370,53,2,4,2,38578.0,73,0,9,0
371,50,1,4,2,46098.0,120,0,11,0
372,55,0,4,0,22585.0,81,1,5,0
373,36,0,4,1,30279.0,37,0,5,0
374,64,2,5,1,66426.0,1377,0,20,0
375,56,0,4,1,30822.0,51,0,5,0
376,56,2,3,2,33581.0,17,0,4,0
377,40,0,3,1,19986.0,22,0,4,0
378,71,0,6,0,27421.0,324,0,14,0
379,52,3,3,3,35688.0,211,0,16,0
380,44,1,4,1,36143.0,19,0,4,0
381,54,0,4,1,10245.0,41,0,8,0
382,57,1,5,1,43795.0,492,1,17,0
383,65,0,5,1,63381.0,1005,0,26,0
384,76,0,5,1,38823.0,114,0,7,0
385,57,2,2,2,83664.0,1173,0,19,0
386,46,0,5,0,90300.0,1738,1,19,0
387,46,1,5,1,62499.0,222,0,12,0
388,32,0,4,0,74293.0,1127,0,16,0
389,79,2,3,0,51012.0,209,0,10,0
390,57,1,3,1,70777.0,787,0,23,0
391,34,2,5,0,68682.0,1598,0,24,0
392,54,0,3,2,43824.0,186,0,12,0
393,41,0,5,1,15345.0,47,0,6,0
394,38,0,4,1,23442.0,27,0,5,0
395,45,3,5,1,14515.0,96,0,11,0
396,69,3,2,2,31395.0,64,0,10,0
397,60,0,5,0,75276.0,1040,0,23,0
398,51,0,4,2,42373.0,163,0,13,0
399,65,0,5,0,30507.0,343,0,11,0
400,70,2,4,3,55521.0,446,1,24,0
401,60,0,3,2,48006.0,41,0,5,0
402,53,2,4,1,27213.0,70,0,9,0
403,54,2,2,2,65808.0,272,0,14,0
404,51,2,5,1,30351.0,46,0,6,0
405,62,0,3,2,50437.0,490,0,19,0
406,43,3,4,1,23616.0,79,0,8,0
407,49,0,3,1,53858.0,915,0,17,0
408,70,2,3,1,66465.0,1485,1,35,0
409,38,0,4,1,46923.0,369,0,16,0
410,63,0,5,1,75072.0,1073,0,19,0
411,82,2,3,0,75865.0,1242,0,19,0
412,50,3,5,1,19789.0,78,1,9,0
413,31,0,5,0,80134.0,1378,4,21,0
414,44,0,4,0,91065.0,1474,2,26,0
415,54,1,3,2,49505.0,751,0,29,0
416,52,2,3,1,37401.0,48,0,7,0
417,42,0,3,1,30096.0,45,0,6,0
418,43,1,5,1,18492.0,10,0,4,0
419,51,1,3,0,82584.0,1435,2,16,0
420,84,2,3,0,93027.0,2119,1,22,0
421,72,0,3,3,48686.0,20,0,4,0
422,39,0,3,0,92910.0,1795,3,27,0
423,36,0,3,1,75433.0,1188,2,19,0
424,36,3,5,1,10404.0,43,0,7,0
425,57,0,3,1,61314.0,1008,0,24,0
426,64,2,4,0,84865.0,1688,4,16,0
427,36,0,3,1,42387.0,684,0,21,0
428,58,3,5,2,67309.0,1082,0,39,0
429,61,0,3,1,75236.0,1068,0,25,0
430,55,0,4,1,30015.0,57,0,7,0
431,69,1,5,1,50943.0,46,0,5,0
432,59,0,2,1,67272.0,733,0,23,0
433,76,1,6,1,51529.0,467,0,17,0
434,54,2,3,1,32011.0,122,0,10,0
435,39,3,3,1,7500.0,36,0,7,0
436,36,0,3,1,28691.0,34,0,5,0
437,77,2,3,1,56223.0,156,0,10,0
438,79,0,3,0,18100.0,14,0,4,0
439,36,0,4,1,30279.0,37,0,5,0
440,51,3,3,0,20130.0,34,0,5,0
441,66,0,2,0,23295.0,20,0,4,0
442,53,1,2,1,42618.0,192,0,11,0
443,61,0,4,0,81246.0,1379,2,17,0
444,49,0,3,1,24027.0,48,0,7,0
445,72,2,3,1,55707.0,428,0,16,0
446,70,0,4,1,57959.0,868,0,27,0
447,56,0,3,1,56796.0,1001,0,27,0
448,54,1,4,1,36230.0,59,0,7,0
449,45,3,3,2,70829.0,431,0,16,0
450,49,0,3,1,65991.0,971,0,27,0
451,53,0,3,3,38988.0,348,0,19,0
452,59,3,4,0,89572.0,2059,2,24,0
453,41,1,3,1,42207.0,265,1,14,0
454,73,0,3,1,50300.0,270,0,13,0
455,43,3,5,0,66664.0,1289,0,19,0
456,61,0,3,1,60597.0,893,1,16,0
457,76,0,6,0,70165.0,926,0,22,0
458,67,2,6,1,50520.0,135,0,9,0
459,62,0,3,0,80124.0,1495,1,19,0
460,50,0,3,1,33183.0,120,0,9,0
461,56,2,4,0,66582.0,1288,0,20,0
462,70,2,5,0,75261.0,1743,2,17,0
463,55,0,6,1,31880.0,15,0,4,0
464,74,0,3,2,53790.0,542,0,20,0
465,54,2,5,1,49269.0,890,0,25,0
466,50,0,3,1,61456.0,1388,0,33,0
467,45,0,3,1,37406.0,17,0,4,0
468,44,2,5,1,56937.0,906,1,30,0
469,47,0,3,2,38415.0,44,0,6,0
470,37,0,4,1,20518.0,25,0,5,0
471,69,0,3,1,62503.0,973,0,26,0
472,53,2,4,2,41644.0,31,0,6,0
473,48,1,3,1,55842.0,518,0,17,0
474,53,2,3,1,62010.0,530,0,19,0
475,48,0,3,1,41124.0,506,0,21,0
476,52,1,3,1,38961.0,70,0,6,0
477,53,1,2,1,37760.0,54,0,6,0
478,51,0,4,1,32233.0,296,1,12,0
479,50,0,3,1,43057.0,266,0,15,0
480,65,1,5,0,83151.0,747,0,19,0
481,61,2,2,0,78825.0,895,0,29,0
482,49,1,5,1,65104.0,1053,0,17,0
483,51,0,3,1,60093.0,735,0,21,0
484,56,0,3,1,14045.0,20,0,5,0
485,73,3,6,0,28457.0,205,0,10,0
486,67,2,5,1,78952.0,2092,0,21,0
487,49,0,2,1,46310.0,309,0,14,0
488,70,0,5,0,76005.0,1722,1,22,0
489,61,1,4,1,58308.0,900,0,15,0
490,81,2,2,0,55614.0,682,1,20,0
491,63,1,2,1,59432.0,663,0,22,0
492,47,0,2,1,55563.0,43,0,6,0
493,54,2,5,1,78642.0,1816,0,18,0
494,76,2,5,1,67911.0,976,0,27,0
495,81,0,3,0,65275.0,746,0,21,0
496,75,0,5,2,27203.0,64,0,6,0
497,64,1,5,1,48330.0,32,0,5,0
498,35,3,3,0,24279.0,263,0,9,0
499,40,2,3,1,64355.0,1445,0,21,0
500,69,1,5,1,50943.0,46,0,5,0
501,72,0,6,0,53653.0,1210,0,28,0
502,49,0,3,1,65665.0,945,0,24,0
503,36,0,4,0,81217.0,1157,0,22,0
504,33,0,3,0,34935.0,137,0,8,0
505,66,0,2,1,61250.0,730,0,25,0
506,44,2,5,1,39665.0,216,1,12,0
507,46,0,4,1,60152.0,943,0,23,0
508,61,0,3,2,48920.0,347,1,16,0
509,66,1,5,0,89120.0,1924,1,19,0
510,79,2,5,1,44124.0,397,0,17,0
511,50,1,4,0,81169.0,2089,0,22,0
512,64,0,3,2,36443.0,138,0,11,0
513,35,0,4,1,26095.0,42,0,5,0
514,66,0,5,0,71367.0,777,0,17,0
515,81,1,3,0,80184.0,1902,2,20,0
516,60,0,2,2,30630.0,52,0,7,0
517,38,1,4,0,73454.0,1651,1,13,0
518,34,0,3,0,42691.0,358,0,13,0
519,72,0,3,0,70503.0,1727,2,16,0
520,38,0,3,1,25545.0,210,0,10,0
521,39,0,3,1,32880.0,42,0,5,0
522,67,2,5,0,77863.0,1291,0,20,0
523,48,1,3,0,50353.0,442,0,15,0
524,61,0,4,0,61839.0,1895,0,17,0
525,65,2,3,2,49154.0,411,0,19,0
526,50,3,6,1,47682.0,521,0,19,0
527,56,0,4,1,72679.0,1168,0,17,0
528,48,1,5,2,57954.0,493,1,23,0
529,63,0,3,2,65316.0,260,0,12,0
530,43,0,4,1,28567.0,46,0,7,0
531,74,1,5,1,47352.0,319,0,16,0
532,58,0,5,1,44931.0,96,0,7,0
533,58,0,2,0,76982.0,1062,1,16,0
534,73,3,5,1,57247.0,232,0,12,0
535,44,1,4,1,22944.0,76,0,9,0
536,48,3,5,1,25315.0,54,0,9,0
537,56,0,6,1,43638.0,201,0,11,0
538,41,2,4,1,42710.0,406,0,14,0
539,43,2,3,0,84169.0,1919,2,20,0
540,49,0,5,1,54058.0,662,0,20,0
541,35,3,3,1,24683.0,41,0,8,0
542,61,0,6,0,85620.0,1600,0,14,0
543,45,0,3,1,47850.0,134,0,8,0
544,57,0,3,2,19514.0,69,1,10,0
545,52,1,3,2,27159.0,21,0,6,0
546,62,3,4,2,39548.0,54,0,7,0
547,36,0,4,1,21474.0,91,1,8,0
548,54,2,4,1,60504.0,526,0,18,0
549,62,0,3,0,22419.0,162,0,8,0
550,76,1,3,0,81698.0,1008,0,25,0
551,73,0,5,2,43462.0,240,0,16,0
552,47,2,4,1,54880.0,795,0,21,0
553,43,0,3,0,79908.0,1772,1,19,0
554,55,3,3,0,15315.0,64,0,8,0
555,66,0,5,1,87771.0,1957,4,20,0
556,47,0,3,1,33039.0,78,0,7,0
557,45,0,4,0,81741.0,1572,0,19,0
558,54,1,5,1,71499.0,795,0,26,0
559,55,3,3,1,62466.0,889,0,26,0
560,62,2,2,1,48799.0,331,0,15,0
561,75,2,5,1,52157.0,265,0,12,0
562,63,0,4,1,66565.0,1065,0,19,0
563,74,1,5,2,29298.0,11,0,4,0
564,46,0,4,1,47691.0,21,0,4,0
565,55,0,5,2,38200.0,17,0,4,0
566,51,0,3,1,44989.0,369,0,16,0
567,57,2,3,2,38443.0,38,0,6,0
568,47,3,4,1,38593.0,177,0,11,0
569,55,2,5,1,64413.0,279,0,12,0
570,44,1,3,1,36959.0,62,0,7,0
571,48,2,3,1,61996.0,1230,3,21,0
572,57,0,3,2,51287.0,182,0,11,0
573,55,0,3,2,13260.0,49,0,10,0
574,59,2,5,2,47472.0,75,0,8,0
575,69,1,5,2,54603.0,227,0,16,0
576,51,2,3,2,45207.0,215,1,15,0
577,74,0,5,1,40689.0,444,0,20,0
578,58,3,5,2,47821.0,47,0,5,0
579,74,1,3,0,27450.0,143,0,7,0
580,42,0,5,1,39453.0,55,0,7,0
581,54,3,5,2,26850.0,63,0,11,0
582,70,0,6,0,79800.0,1867,3,22,0
583,64,1,3,1,61794.0,611,0,20,0
584,70,0,5,1,53863.0,473,1,18,0
585,66,0,5,0,24221.0,55,0,6,0
586,41,2,4,1,39684.0,81,0,7,1
587,50,1,3,0,92163.0,2086,2,21,0
588,60,1,4,0,69882.0,1478,0,20,0
589,48,0,5,1,33178.0,49,0,5,0
590,53,2,3,0,59973.0,382,0,15,0
591,50,1,5,1,17459.0,69,0,9,0
592,56,0,2,1,23910.0,67,0,6,0
593,56,1,3,2,42169.0,30,0,6,0
594,47,3,3,1,26224.0,63,0,9,0
595,44,0,5,1,31089.0,79,0,10,0
596,64,0,4,1,30081.0,42,0,5,0
597,65,0,5,1,62807.0,819,0,23,0
598,70,0,4,0,72906.0,1151,0,17,0
599,77,2,3,2,61467.0,594,0,20,0
600,59,1,5,2,49618.0,129,0,11,0
601,39,1,4,1,21888.0,213,0,12,0
602,52,0,6,1,42429.0,67,0,7,0
603,69,0,2,3,26150.0,28,0,5,0
604,50,3,3,1,30801.0,45,0,6,0
605,60,0,3,0,81168.0,1193,1,18,0
606,56,1,4,0,26877.0,268,0,12,0
607,81,1,6,0,45006.0,266,0,12,0
608,52,3,3,1,18978.0,37,0,5,0
609,58,0,3,3,22574.0,37,0,7,0
610,56,2,4,0,48240.0,882,0,25,0
611,51,0,3,2,45837.0,373,0,18,0
612,60,1,4,3,35791.0,35,0,6,0
613,47,0,6,2,54162.0,42,0,5,0
614,65,1,3,1,30522.0,326,0,17,0
615,64,2,3,1,54456.0,404,0,17,0
616,54,0,4,0,31632.0,95,0,6,0
617,76,0,6,0,72298.0,939,2,14,0
618,47,3,4,1,36975.0,33,0,5,0
619,70,3,3,0,72635.0,981,1,21,0
620,49,0,3,1,13624.0,36,0,7,0
621,50,0,4,1,84196.0,1237,0,20,0
622,65,0,5,1,70971.0,1825,0,34,0
623,48,2,2,2,34487.0,103,0,9,0
624,48,0,4,1,28769.0,191,0,12,0
625,55,2,3,1,69084.0,1586,0,25,0
626,67,2,5,0,65488.0,963,0,14,0
627,55,3,3,1,62466.0,889,0,26,0
628,65,3,4,0,32218.0,93,1,7,0
629,52,0,4,0,83917.0,1587,0,21,0
630,63,0,2,3,46102.0,16,0,4,0
631,73,0,4,0,84574.0,1375,0,32,0
632,63,0,3,1,56181.0,393,0,14,0
633,75,1,2,1,63120.0,1477,0,26,0
634,54,0,3,1,73691.0,1179,1,18,0
635,65,0,5,1,63381.0,1005,0,26,0
636,77,2,5,0,76140.0,1348,0,21,0
637,66,2,2,1,62859.0,1307,0,23,0
638,61,0,4,1,45906.0,486,1,15,0
639,78,1,5,0,77632.0,2252,2,13,0
640,54,2,3,2,46463.0,235,0,17,0
641,55,0,5,0,105471.0,1724,2,30,0
642,55,1,2,1,55282.0,235,0,11,0
643,48,1,3,1,78710.0,1092,0,28,0
644,67,0,5,1,66886.0,599,0,17,0
645,65,1,4,0,98777.0,2008,1,19,0
646,40,0,5,1,29103.0,48,0,6,0
647,51,0,3,1,67445.0,1174,0,32,0
648,75,2,5,1,50616.0,67,0,7,0
649,70,0,2,1,49431.0,365,0,15,0
650,72,0,5,1,61278.0,165,0,10,0
651,67,3,5,0,26490.0,210,0,11,0
652,78,2,5,1,73059.0,1095,0,26,0
653,59,2,4,3,46734.0,223,1,12,0
654,62,0,5,1,56253.0,597,0,22,0
655,40,0,3,1,19986.0,22,0,4,0
656,50,0,6,1,58330.0,1064,0,24,0
657,45,3,3,0,25965.0,74,0,6,0
658,69,1,5,0,14661.0,26,0,5,0
659,66,0,3,0,18690.0,60,0,5,0
660,51,2,5,1,45068.0,20,0,4,0
661,38,3,4,1,21063.0,59,0,7,0
662,57,2,3,1,29187.0,34,0,5,0
663,54,3,3,2,54690.0,198,0,12,0
664,61,2,3,1,59304.0,1048,0,28,0
665,63,1,4,2,59247.0,574,0,21,0
666,55,0,6,1,66731.0,1029,0,17,0
667,45,0,3,1,77353.0,670,0,20,0
668,50,2,4,1,52614.0,990,0,16,0
669,51,0,3,2,26751.0,11,0,4,0
670,62,2,3,1,81300.0,1241,1,21,0
671,46,0,4,0,70337.0,576,0,17,0
672,40,3,3,1,36145.0,172,1,12,0
673,45,2,4,0,65295.0,664,0,20,0
674,62,0,2,1,68118.0,928,0,23,0
675,58,0,2,0,68743.0,2074,0,30,0
676,43,3,5,0,41039.0,467,0,15,0
677,70,0,5,1,38946.0,257,0,12,0
678,58,0,5,0,65777.0,1146,0,17,0
679,49,2,2,1,66476.0,689,0,20,0
680,53,2,4,0,86857.0,2114,0,22,0
681,36,2,5,0,77845.0,1346,2,21,0
682,56,2,5,0,69476.0,1044,0,15,0
683,65,2,2,1,50611.0,493,1,22,0
684,55,0,4,0,61209.0,957,0,13,0
685,67,1,5,1,42315.0,270,0,12,0
686,73,3,5,0,13084.0,29,0,5,0
687,76,1,6,2,47570.0,121,0,9,0
688,64,1,3,2,61923.0,126,0,8,0
689,30,0,4,0,34824.0,23,0,4,0
690,76,2,4,2,26518.0,57,0,8,0
691,64,0,4,0,45938.0,636,0,20,0
692,65,0,5,0,78468.0,1004,1,28,0
693,52,0,2,1,78901.0,734,0,20,0
694,47,0,3,2,71427.0,614,0,20,0
695,47,0,2,1,71022.0,1453,1,21,0
696,37,1,4,0,90247.0,1621,3,15,0
697,57,1,2,1,41335.0,187,0,12,0
698,39,0,3,1,71952.0,1443,2,22,0
699,55,2,2,1,35682.0,57,0,6,0
700,74,0,2,1,43185.0,637,0,20,0
701,77,2,5,1,66375.0,948,1,14,0
702,54,1,3,1,35178.0,59,1,5,0
703,39,0,3,1,25252.0,18,0,4,0
704,60,1,4,1,55250.0,903,0,26,0
705,50,0,4,1,33249.0,112,0,8,0
706,72,0,5,0,58398.0,596,0,20,0
707,43,0,5,1,50272.0,233,0,13,0
708,50,2,3,0,76618.0,1511,0,11,0
709,65,3,2,0,87305.0,1152,1,17,0
710,47,0,5,1,25851.0,48,0,7,0
711,55,0,2,1,58710.0,1185,0,31,0
712,67,0,4,2,45160.0,21,0,4,0
713,60,1,3,1,74806.0,965,0,16,0
714,71,0,3,0,59111.0,869,0,21,0
715,41,2,3,1,18988.0,16,0,6,0
716,60,0,3,0,72190.0,1947,0,16,0
717,49,0,3,1,7500.0,71,1,12,0
718,59,0,3,1,44794.0,65,0,6,0
719,70,0,3,0,80395.0,1380,1,24,0
720,49,1,2,0,75012.0,1027,0,23,0
721,60,1,3,3,56962.0,411,0,21,0
722,34,0,5,0,89891.0,836,1,26,0
723,76,2,2,2,35946.0,11,0,4,0
724,72,2,5,2,53593.0,480,0,23,0
725,47,0,3,2,66373.0,606,0,23,0
726,77,2,2,3,45072.0,284,0,16,0
727,52,0,2,2,89694.0,1472,3,14,0
728,76,0,3,0,72025.0,1677,3,26,0
729,52,0,3,1,67432.0,1335,0,19,0
730,73,1,5,1,70545.0,334,0,13,0
731,36,3,3,1,17487.0,18,0,4,0
732,56,0,5,1,62882.0,1338,0,20,0
733,72,2,4,1,64108.0,1099,0,30,0
734,69,1,5,2,34941.0,97,0,8,0
735,75,2,4,3,48767.0,63,0,9,0
736,47,3,5,1,38702.0,109,0,9,0
737,61,0,3,0,82224.0,902,1,21,0
738,73,0,5,0,83844.0,1574,1,20,0
739,50,3,3,1,17003.0,38,0,9,0
740,30,0,4,0,71163.0,960,0,24,0
741,55,0,4,1,33697.0,28,1,4,0
742,71,3,3,0,63564.0,1215,1,28,0
743,53,2,5,0,83443.0,1497,0,22,0
744,67,2,5,1,51518.0,449,0,17,0
745,50,0,6,1,58330.0,1064,0,24,0
746,56,0,3,0,80952.0,1757,3,25,0
747,46,0,5,0,75507.0,1440,0,21,0
748,47,3,5,0,63855.0,1006,0,24,0
749,53,2,5,1,62220.0,1226,0,23,0
750,61,0,3,1,58512.0,1171,0,20,0
751,46,1,3,1,40662.0,92,0,8,0
752,66,2,3,1,38829.0,99,0,8,0
753,44,3,3,1,35523.0,66,0,8,0
754,58,0,4,2,79146.0,564,0,19,0
755,37,1,3,0,78285.0,1427,0,21,0
756,47,2,4,1,31626.0,86,1,6,0
757,73,0,4,0,75127.0,833,0,19,0
758,70,0,3,1,48726.0,242,0,12,0
759,48,0,3,0,74985.0,1869,0,17,0
760,38,0,5,0,67430.0,1364,0,29,0
761,60,3,3,1,46891.0,183,0,8,0
762,69,1,3,1,62058.0,450,0,18,0
763,46,0,3,1,72063.0,758,0,21,0
764,74,2,3,0,78939.0,1507,0,20,0
765,60,0,4,2,42720.0,654,0,25,0
766,53,0,3,2,33622.0,81,0,9,0
767,68,2,5,1,6835.0,137,0,1,0
768,72,0,5,2,41452.0,16,0,4,0
769,60,2,4,1,40760.0,93,0,8,0
770,67,2,5,0,74250.0,1158,0,18,0
771,70,1,4,2,51124.0,43,0,6,0
772,54,0,4,1,72258.0,1525,0,22,0
773,51,2,4,0,71466.0,1230,0,19,0
774,49,0,5,2,36283.0,29,0,6,0
775,55,0,4,1,20587.0,25,0,5,0
776,53,0,3,1,30467.0,24,0,4,0
777,53,0,5,1,31590.0,38,0,5,0
778,39,3,3,1,20425.0,57,0,7,0
779,65,1,5,2,17144.0,47,0,12,0
780,57,2,2,1,42564.0,813,1,24,0
781,47,1,3,1,43783.0,629,1,22,0
782,49,0,2,1,40780.0,377,0,17,0
783,80,1,5,0,62847.0,1612,0,14,0
784,68,2,3,0,82017.0,729,3,17,0
785,75,0,4,0,16813.0,50,1,6,0
786,47,0,3,2,51267.0,270,0,15,0
787,64,0,4,1,46524.0,177,0,9,0
788,63,1,4,0,45183.0,315,1,13,0
789,71,2,3,1,70421.0,767,0,23,0
790,60,3,2,1,60161.0,1071,0,26,0
791,52,0,5,0,73926.0,1580,0,24,0
792,57,0,3,1,19329.0,60,0,10,0
793,55,1,3,1,61872.0,573,0,21,0
794,69,0,6,2,46984.0,41,0,5,0
795,74,0,3,2,34838.0,170,0,10,0
796,81,2,4,0,82716.0,1167,0,28,0
797,67,0,3,0,48192.0,1526,3,25,0
798,49,1,3,2,49681.0,458,0,21,0
799,54,1,3,1,56850.0,63,0,6,0
800,68,0,3,1,55267.0,405,0,17,0
801,53,0,3,2,59666.0,1027,1,20,0
802,53,0,4,1,72504.0,1478,0,22,0
803,44,0,3,0,26872.0,72,0,5,0
804,53,0,4,1,21359.0,48,0,7,0
805,50,0,4,0,73170.0,726,0,16,0
806,70,1,3,1,52750.0,860,0,27,0
807,39,2,5,0,91820.0,1497,0,22,0
808,55,2,5,1,65968.0,495,0,18,0
809,49,0,3,2,30772.0,20,0,4,0
810,71,0,4,0,22507.0,570,0,19,0
811,53,0,3,1,65685.0,769,0,21,0
812,47,3,3,1,25804.0,55,0,7,0
813,45,2,4,0,76412.0,1808,2,18,0
814,53,0,3,1,22063.0,55,0,7,0
815,64,0,4,0,57091.0,577,1,18,0
816,62,0,3,0,22419.0,162,0,8,0
817,66,0,5,1,87771.0,1957,4,20,0
818,66,3,2,1,78353.0,1576,0,24,0
819,71,0,3,3,93404.0,1616,2,17,0
820,63,0,2,3,37859.0,36,0,6,0
821,67,2,6,1,80995.0,1482,0,22,0
822,41,0,5,1,16529.0,22,0,5,0
823,49,2,2,2,55412.0,63,0,6,0
824,33,0,4,0,48789.0,680,0,18,0
825,58,2,5,2,56575.0,542,0,20,0
826,45,3,5,1,25130.0,50,0,7,0
827,58,0,3,2,35441.0,39,0,6,0
828,69,0,3,1,71391.0,1043,0,28,0
829,53,1,4,1,49494.0,385,0,14,0
830,45,0,2,0,81702.0,1633,0,27,0
831,45,3,4,1,45889.0,46,0,5,0
832,48,0,4,1,56628.0,761,1,20,0
833,75,0,5,2,34026.0,76,0,9,0
834,51,0,3,1,40049.0,290,0,14,0
835,37,0,4,1,34176.0,89,0,11,0
836,44,0,3,1,19419.0,70,0,11,0
837,65,3,3,0,82504.0,1066,0,17,0
838,55,0,5,0,81205.0,2009,3,19,0
839,34,3,4,0,61618.0,1345,0,19,0
840,69,1,4,1,55284.0,764,0,23,0
841,62,0,4,1,49980.0,195,0,11,0
842,45,0,3,2,15072.0,53,0,11,0
843,51,0,4,1,49166.0,368,0,13,0
844,71,2,3,1,65324.0,544,0,20,0
845,68,3,3,0,82347.0,1853,2,25,0
846,59,2,5,2,30843.0,35,1,6,0
847,51,2,3,1,46374.0,446,2,18,0
848,46,0,4,1,60474.0,1180,0,31,0
849,52,1,3,1,38576.0,41,0,5,0
850,40,0,3,2,55357.0,727,0,22,0
851,59,0,5,2,37758.0,40,0,6,0
852,36,3,3,0,85710.0,1062,1,26,0
853,56,0,5,1,23228.0,40,0,7,0
854,56,1,5,2,44602.0,292,0,17,0
855,38,0,3,0,7500.0,15,0,4,0
856,36,3,5,1,38683.0,341,0,17,0
857,50,3,4,1,49514.0,369,0,13,0
858,52,2,5,1,57906.0,401,0,17,0
859,59,1,4,1,43456.0,393,0,17,0
860,39,1,4,2,19485.0,10,0,4,0
861,47,0,5,1,53172.0,486,0,16,0
862,46,0,5,1,30545.0,69,0,7,0
863,42,2,5,0,70123.0,1727,2,17,0
864,66,0,4,1,62450.0,995,1,16,0
865,49,0,5,1,21675.0,45,0,10,0
866,44,3,4,2,42395.0,182,0,12,0
867,47,1,5,1,61346.0,989,0,23,0
868,72,0,5,0,80812.0,1677,3,18,0
869,54,1,2,2,42835.0,595,0,23,0
870,42,0,3,1,39922.0,156,0,9,0
871,69,1,4,0,86424.0,1226,0,28,0
872,47,3,5,1,17117.0,128,0,11,0
873,53,0,4,1,24762.0,86,1,9,0
874,50,0,3,1,35797.0,68,0,7,0
875,50,0,2,2,36627.0,16,0,4,0
876,44,3,3,2,51111.0,55,0,7,0
877,53,2,4,0,86857.0,2114,0,22,0
878,55,2,5,0,82072.0,2018,0,19,0
879,72,2,4,3,46231.0,263,0,15,0
880,66,0,3,2,42243.0,55,0,7,0
881,63,0,5,2,51195.0,564,0,24,0
882,47,1,4,0,68092.0,1281,0,20,0
883,52,0,3,1,31814.0,83,1,7,0
884,60,1,6,2,51390.0,353,0,18,0
885,42,0,3,0,76630.0,1003,0,25,0
886,34,3,4,1,26868.0,14,0,4,0
887,82,2,2,0,48948.0,902,1,24,0
888,53,2,4,1,55260.0,1139,0,25,0
889,69,0,5,1,64090.0,797,0,20,0
890,67,0,2,1,78331.0,1638,0,25,0
891,51,2,3,1,37087.0,401,0,17,0
892,39,0,2,1,21846.0,84,0,11,0
893,67,0,3,0,81320.0,928,0,18,0
894,55,0,2,1,54137.0,203,0,11,0
895,58,0,5,0,66825.0,858,0,16,0
896,52,0,5,0,57100.0,409,0,13,0
897,56,0,5,3,58917.0,282,0,16,0
898,48,0,4,0,85072.0,1423,0,18,0
899,64,0,4,0,86429.0,1449,1,18,0
900,54,0,6,1,45684.0,28,0,4,0
901,51,0,5,1,47889.0,67,0,6,0
902,39,2,3,0,45921.0,199,0,10,0
903,59,2,4,0,78420.0,1453,0,22,0
904,33,0,5,0,75114.0,1253,0,19,0
905,62,2,6,1,52278.0,1198,0,31,0
906,53,1,3,1,35641.0,178,0,10,0
907,31,0,4,0,95529.0,1990,1,18,0
908,71,0,3,0,62820.0,976,0,14,0
909,65,1,5,0,73113.0,1001,0,15,0
910,43,2,3,0,84169.0,1919,2,20,0
911,71,3,4,1,42607.0,350,0,14,0
912,71,2,4,0,74637.0,1650,1,25,0
913,70,2,5,2,46015.0,46,2,5,0
914,32,0,4,0,72354.0,1228,0,19,0
915,56,1,4,1,39858.0,95,0,7,0
916,77,2,3,2,34469.0,62,0,9,0
917,39,0,5,1,83033.0,1761,1,26,0
918,46,1,5,0,24401.0,467,0,16,0
919,47,0,3,0,77583.0,1149,1,19,0
920,43,3,4,0,74116.0,2052,1,19,0
921,32,0,4,0,74293.0,1127,0,16,0
922,49,2,3,1,68397.0,1416,0,21,0
923,51,2,5,0,79632.0,1113,0,20,0
924,36,0,4,1,46107.0,125,0,7,0
925,74,2,4,1,64950.0,966,1,25,0
926,36,3,3,1,25443.0,32,0,5,0
927,73,0,4,0,75127.0,833,0,19,0
928,54,2,5,1,32892.0,46,0,8,0
929,54,0,5,0,71796.0,960,0,17,0
930,55,2,3,1,67536.0,1829,1,30,0
931,54,0,4,1,55239.0,779,0,26,0
932,50,2,2,1,60554.0,811,0,23,0
933,73,3,4,2,64831.0,1120,0,22,0
934,63,2,5,1,56067.0,725,0,20,0
935,42,0,2,0,82025.0,1187,1,12,0
936,72,0,5,0,94384.0,2302,3,18,0
937,39,3,4,0,14906.0,66,0,9,0
938,38,2,3,0,51563.0,1250,2,19,0
939,43,3,3,1,57937.0,683,0,20,0
940,46,0,2,2,68274.0,305,0,13,0
941,48,0,5,1,39771.0,50,0,6,0
942,50,3,2,1,67893.0,995,0,16,0
943,46,2,5,1,27922.0,41,0,6,0
944,49,2,5,2,52190.0,77,1,9,0
945,52,1,2,2,44051.0,171,0,12,0
946,54,2,4,2,42767.0,131,0,7,0
947,49,1,5,2,46106.0,54,0,5,0
948,49,2,3,2,16927.0,53,0,12,0
949,60,0,3,1,59754.0,475,0,16,0
950,73,0,4,1,53700.0,694,0,22,0
951,52,0,3,2,59041.0,96,0,8,0
952,68,2,2,1,54237.0,361,0,16,0
953,58,0,2,1,70647.0,1079,0,26,0
954,63,2,4,1,52597.0,578,0,20,0
955,56,1,5,1,41021.0,64,0,7,0
956,50,2,3,1,40233.0,149,0,13,0
957,45,0,3,2,50183.0,231,0,17,0
958,66,0,5,1,54753.0,728,0,21,0
959,52,0,3,0,92955.0,1778,2,23,0
960,52,0,3,1,33471.0,93,0,10,0
961,51,2,3,1,34596.0,23,0,4,0
962,45,0,5,1,44010.0,662,0,24,0
963,37,0,3,0,84219.0,1198,0,18,0
964,57,2,5,3,40706.0,81,0,11,0
965,37,3,3,1,15716.0,92,0,10,1
966,66,3,2,1,59052.0,491,0,18,0
967,54,1,5,0,80573.0,1564,0,24,0
968,63,0,3,0,83715.0,926,0,24,0
969,66,1,5,0,82576.0,1910,1,19,0
970,60,1,3,3,56962.0,411,0,21,0
971,73,0,3,2,35704.0,94,0,9,0
972,71,0,5,1,53103.0,1085,1,28,0
973,65,3,6,2,46779.0,23,0,4,0
974,60,0,2,0,4861.0,6,0,0,0
975,46,1,2,1,33462.0,54,0,6,0
976,47,0,2,1,63693.0,1150,0,29,0
977,75,0,3,0,80763.0,1415,2,23,0
978,51,2,3,1,65352.0,405,0,16,0
979,47,2,3,0,82170.0,1908,0,19,0
980,56,0,3,0,75759.0,2486,3,26,0
981,49,3,4,0,79689.0,1315,0,27,0
982,69,2,6,2,35340.0,45,0,7,0
983,71,0,2,0,85683.0,1789,4,17,0
984,53,3,3,1,24884.0,19,0,4,0
985,44,1,5,1,42021.0,573,1,22,0
986,36,0,4,1,64449.0,805,0,24,0
987,71,0,2,2,64587.0,108,0,8,0
988,30,0,4,0,34824.0,23,0,4,0
989,47,0,5,0,75437.0,1493,1,23,0
990,68,0,5,2,26091.0,89,0,9,0
991,52,0,3,1,52845.0,936,1,25,0
992,69,0,2,1,46086.0,343,0,16,0
993,69,2,6,1,78028.0,528,2,20,0
994,38,2,4,0,95169.0,1901,2,12,0
995,44,3,3,2,56337.0,724,2,22,0
996,38,0,5,1,22434.0,58,0,7,0
997,71,2,3,1,36930.0,297,0,16,0
998,71,0,4,1,36130.0,488,1,21,0
999,72,1,3,1,65569.0,859,0,23,0
1000,73,0,5,0,83844.0,1574,1,20,0
1001,57,0,3,2,19514.0,69,1,10,0
1002,62,2,4,2,36736.0,17,0,4,0
1003,46,0,5,1,77568.0,2194,3,21,0
1004,49,2,5,1,49187.0,116,0,8,0
1005,47,0,4,1,30168.0,279,0,18,0
1006,57,1,5,1,34053.0,103,0,7,0
1007,54,1,3,2,38196.0,44,0,9,0
1008,74,1,3,0,59412.0,406,0,15,0
1009,60,3,3,0,70924.0,1363,1,20,0
1010,56,0,5,0,54165.0,236,0,11,0
1011,52,0,3,1,32300.0,39,0,5,0
1012,49,0,4,0,20180.0,137,0,8,0
1013,52,0,3,1,34961.0,79,0,10,0
1014,51,2,5,1,28440.0,63,0,6,0
1015,72,2,5,3,64504.0,1314,0,25,0
1016,59,1,5,1,33564.0,71,0,6,0
1017,47,0,3,1,17345.0,58,0,7,0
1018,58,2,3,1,56320.0,702,0,21,0
1019,47,0,4,1,28647.0,94,1,7,0
1020,38,3,4,1,15038.0,80,0,7,0
1021,67,2,2,1,32173.0,22,0,5,0
1022,61,3,5,1,68316.0,1211,0,32,0
1023,54,0,5,0,74538.0,1461,1,22,0
1024,54,0,4,0,91700.0,1968,0,20,0
1025,56,0,5,0,68695.0,1091,0,16,0
1026,48,3,3,1,31056.0,55,0,5,0
1027,52,0,3,0,79593.0,1366,1,19,0
1028,45,0,4,0,28071.0,313,0,13,0
1029,67,2,5,2,37334.0,62,0,11,0
1030,53,1,4,2,46423.0,92,0,9,0
1031,54,2,3,1,37126.0,72,1,6,0
1032,72,0,3,1,47703.0,655,0,21,0
1033,66,0,3,1,61180.0,704,1,18,0
1034,71,0,3,2,38998.0,54,0,8,1
1035,34,0,4,0,8028.0,178,0,16,0
1036,63,0,5,0,76081.0,1033,1,14,0
1037,39,0,5,1,34728.0,36,0,5,0
1038,60,1,4,1,33168.0,122,0,10,0
1039,59,1,3,1,33585.0,122,0,7,0
1040,65,2,3,1,77037.0,1123,0,27,0
1041,41,0,5,1,35196.0,497,0,18,0
1042,59,0,3,1,44529.0,691,1,25,0
1043,60,3,3,0,70924.0,1363,1,20,0
1044,59,2,5,2,28764.0,12,1,4,0
1045,76,2,3,0,69098.0,2440,0,25,0
1046,55,3,2,2,25959.0,56,0,7,0
1047,42,1,3,1,27100.0,37,0,5,0
1048,40,0,4,0,70596.0,968,0,21,0
1049,51,0,3,1,42557.0,270,0,15,0
1050,74,2,3,0,53312.0,278,0,12,0
1051,73,0,4,0,72228.0,1250,0,22,0
1052,38,0,5,0,67605.0,938,0,17,0
1053,76,1,3,2,62845.0,1178,1,28,0
1054,67,0,5,2,65196.0,1155,1,26,0
1055,38,2,4,0,42000.0,653,0,20,0
1056,52,2,2,2,35860.0,49,1,6,0
1057,61,2,3,1,65526.0,506,0,17,0
1058,64,0,3,2,16860.0,38,0,8,0
1059,33,0,4,0,83528.0,1650,2,23,0
1060,60,3,2,1,64176.0,1826,0,33,0
1061,69,0,2,0,22304.0,18,0,4,0
1062,47,0,3,0,67023.0,906,0,24,1
1063,54,2,5,1,32892.0,46,0,8,0
1064,59,0,5,1,70713.0,1477,0,25,0
1065,70,0,5,1,59925.0,766,0,23,0
1066,72,0,3,1,39722.0,47,0,7,0
1067,67,0,5,0,46610.0,467,0,14,0
1068,64,0,5,0,88347.0,2116,1,21,0
1069,44,2,3,0,87171.0,1298,2,25,0
1070,49,3,5,2,26907.0,22,0,6,0
1071,57,1,4,1,50014.0,396,0,15,0
1072,47,2,3,1,41014.0,20,0,4,0
1073,60,0,4,0,66294.0,967,0,13,0
1074,54,0,3,1,36715.0,357,0,19,0
1075,69,0,3,0,79456.0,1401,0,16,0
1076,43,0,5,1,40479.0,15,0,4,0
1077,55,1,4,0,75345.0,2087,1,20,0
1078,48,0,3,1,54233.0,981,0,26,0
1079,55,0,4,2,24163.0,17,0,6,0
1080,67,2,5,0,84460.0,523,4,22,0
1081,42,0,5,1,43776.0,23,0,4,0
1082,67,2,4,0,71691.0,1192,0,17,0
1083,52,2,3,0,85844.0,1958,1,20,0
1084,51,2,4,1,39190.0,133,0,9,0
1085,66,0,5,0,71367.0,777,0,17,0
1086,53,2,4,2,38578.0,73,0,9,0
1087,60,2,3,2,57236.0,121,0,10,0
1088,46,0,4,1,61825.0,424,0,15,0
1089,67,0,2,1,79803.0,868,0,13,0
1090,39,3,4,0,80910.0,756,0,15,0
1091,43,1,5,1,27590.0,12,0,4,0
1092,46,0,3,1,56775.0,937,0,25,0
1093,50,0,2,0,83829.0,1862,3,17,0
1094,46,3,3,1,54210.0,367,0,14,0
1095,39,0,3,1,38508.0,443,0,20,0
1096,55,0,5,1,53187.0,267,0,13,0
1097,53,0,3,1,30023.0,61,0,6,0
1098,65,2,4,0,76045.0,1323,1,21,0
1099,73,2,3,1,50870.0,63,0,6,0
1100,55,3,3,0,15315.0,64,0,8,0
1101,51,3,3,1,65463.0,562,1,19,0
1102,60,0,3,2,66480.0,312,0,19,0
1103,71,0,2,0,76773.0,1156,0,16,0
1104,42,3,4,0,81698.0,1104,1,16,0
1105,52,2,4,2,54466.0,16,0,4,0
1106,65,1,4,0,98777.0,2008,1,19,0
1107,41,2,4,1,16269.0,44,0,9,0
1108,54,0,5,1,71819.0,1574,2,14,0
1109,42,2,3,1,33569.0,63,1,5,0
1110,42,1,3,0,36262.0,426,1,12,0
1111,59,3,5,0,22634.0,96,0,6,0
1112,47,3,3,1,47025.0,635,0,23,0
1113,57,0,4,1,70566.0,757,0,22,0
1114,46,2,3,1,31605.0,125,0,9,0
1115,52,1,2,2,52034.0,332,0,16,0
1116,46,0,4,1,48526.0,135,0,8,0
1117,71,0,3,1,46734.0,330,0,14,0
1118,63,0,2,2,39552.0,384,0,20,0
1119,59,0,4,2,86358.0,1722,0,18,0
1120,48,0,5,3,46931.0,78,0,7,0
1121,40,3,4,0,16581.0,24,0,4,0
1122,73,3,2,0,63998.0,1168,0,25,0
1123,74,1,3,1,67381.0,957,1,17,0
1124,58,0,4,2,25930.0,15,0,4,0
1125,47,0,3,1,42693.0,57,0,5,0
1126,49,0,5,1,85606.0,1956,1,24,0
1127,40,0,4,0,72903.0,2013,3,21,0
1128,51,3,5,1,49669.0,326,0,14,0
1129,57,2,3,2,36778.0,77,0,9,0
1130,63,2,2,0,85696.0,1313,0,20,0
1131,36,1,2,0,10979.0,30,0,8,0
1132,64,0,3,1,49678.0,315,0,14,0
1133,72,1,5,1,56129.0,660,0,22,0
1134,36,0,3,1,37155.0,74,0,7,0
1135,47,3,2,1,21282.0,46,0,7,0
1136,63,2,4,1,33419.0,86,0,8,0
1137,80,0,6,0,63285.0,1103,0,25,0
1138,51,1,5,1,21255.0,61,0,11,0
1139,44,0,5,1,42162.0,145,1,9,0
1140,69,0,5,2,54450.0,684,0,31,0
1141,71,2,3,1,57744.0,411,0,16,0
1142,39,0,4,1,26576.0,27,1,4,0
1143,82,2,6,0,57513.0,1060,0,27,0
1144,61,0,5,1,68142.0,1459,0,24,0
1145,46,0,3,1,7500.0,18,0,4,0
1146,51,0,5,0,83145.0,1833,1,26,0
1147,65,1,3,1,54197.0,237,0,12,0
1148,62,2,4,2,23091.0,48,0,10,0
1149,49,0,3,2,46049.0,515,0,26,0
1150,51,0,5,0,56715.0,1020,0,15,0
1151,64,0,3,0,79410.0,1370,0,11,0
1152,74,0,3,1,57304.0,1026,0,25,0
1153,60,0,3,1,44375.0,301,0,12,0
1154,69,0,5,2,54450.0,684,0,31,0
1155,60,0,3,1,59594.0,499,1,17,0
1156,31,0,5,0,80685.0,1004,0,21,0
1157,51,2,3,1,40344.0,218,0,12,0
1158,53,0,3,1,62710.0,606,0,22,0
1159,57,3,3,1,48985.0,75,0,6,0
1160,57,0,5,3,35322.0,106,0,9,0
1161,77,0,3,0,77142.0,990,0,17,0
1162,56,0,4,0,81657.0,1097,0,16,0
1163,29,3,3,0,14421.0,16,1,4,0
1164,51,3,3,0,20130.0,34,0,5,0
1165,35,2,3,0,74214.0,1711,0,16,0
1166,68,1,3,2,66726.0,438,1,17,0
1167,46,3,5,1,23724.0,75,0,7,0
1168,65,1,3,1,47353.0,225,0,13,0
1169,73,1,3,2,33444.0,18,0,4,0
1170,44,0,3,1,54386.0,470,0,17,0
1171,44,0,2,2,28510.0,91,0,9,0
1172,34,1,4,0,90638.0,2525,1,18,0
1173,75,0,5,1,48070.0,504,0,19,1
1174,68,0,3,1,43140.0,235,0,11,0
1175,64,2,2,1,54959.0,1232,1,21,0
1176,67,3,4,2,15056.0,88,0,12,0
1177,54,0,4,1,26954.0,17,0,4,0
1178,40,0,4,1,22327.0,24,0,5,0
1179,60,0,3,2,44393.0,60,0,7,0
1180,73,2,4,1,62000.0,1020,1,26,0
1181,63,2,5,1,31497.0,155,0,10,0
1182,51,3,3,2,45894.0,51,0,5,0
1183,55,1,2,0,78579.0,1812,0,16,0
1184,56,1,6,1,67369.0,1461,2,25,0
1185,65,0,2,1,58401.0,96,0,6,0
1186,73,0,4,1,62307.0,160,0,9,0
1187,56,1,3,2,43641.0,139,0,10,0
1188,57,1,2,1,63841.0,908,0,22,0
1189,60,3,3,1,46891.0,183,0,8,0
1190,56,1,3,1,70091.0,1161,1,19,0
1191,53,2,3,0,78075.0,988,0,14,0
1192,64,3,6,1,59184.0,1072,0,27,0
1193,48,0,3,2,54809.0,174,0,12,0
1194,66,0,3,1,58113.0,758,0,22,1
1195,67,1,3,1,51412.0,195,0,11,0
1196,46,0,2,1,15287.0,31,1,6,0
1197,68,1,5,0,66636.0,1084,0,17,0
1198,69,1,3,1,50965.0,685,1,22,0
1199,60,2,3,0,84618.0,1672,1,26,0
1200,35,0,3,0,18351.0,43,0,6,0
1201,68,2,5,2,40451.0,49,1,5,0
1202,60,0,5,1,36317.0,133,0,9,0
1203,68,0,5,1,42213.0,363,1,15,0
1204,70,0,5,1,65748.0,545,0,18,1
1205,53,0,5,1,77044.0,1065,1,31,0
1206,56,0,5,0,74918.0,2047,1,21,0
1207,53,0,3,2,56721.0,296,0,15,0
1208,50,0,4,2,42160.0,140,0,11,0
1209,60,0,4,1,61559.0,530,0,17,0
1210,62,2,5,2,33629.0,152,0,13,0
1211,34,2,5,0,68682.0,1598,0,24,0
1212,62,0,4,1,34377.0,114,0,8,0
1213,39,3,4,1,8940.0,101,0,10,0
1214,52,0,3,1,26228.0,25,0,4,0
1215,68,3,2,0,77297.0,789,1,22,0
1216,44,0,3,2,40211.0,87,1,7,0
1217,67,2,6,2,33438.0,90,0,11,0
1218,66,2,3,1,75032.0,1215,0,20,0
1219,70,2,4,0,61284.0,811,1,22,0
1220,39,0,3,1,22518.0,61,1,7,0
1221,50,1,3,1,54730.0,405,0,18,0
1222,70,1,3,2,38452.0,72,0,9,0
1223,54,0,2,2,44421.0,189,0,14,0
1224,39,2,5,1,38197.0,40,0,5,0
1225,47,0,2,1,41986.0,63,0,10,0
1226,42,0,5,1,28427.0,52,0,7,0
1227,49,2,5,1,37395.0,39,0,5,0
1228,54,0,3,1,64722.0,805,0,25,0
1229,69,1,5,1,55249.0,130,0,8,0
1230,53,0,5,0,84906.0,1631,3,24,0
1231,36,0,3,1,28691.0,34,0,5,0
1232,73,0,4,2,44213.0,152,0,12,0
1233,41,3,4,1,25707.0,21,0,5,0
1234,58,2,3,3,59062.0,71,0,7,0
1235,63,0,4,1,76624.0,899,1,23,0
1236,78,1,5,0,66000.0,711,0,10,0
1237,47,2,5,1,27683.0,351,0,16,0
1238,54,0,2,0,1730.0,8,0,15,0
1239,33,3,4,1,7500.0,119,0,11,0
1240,57,0,5,2,40521.0,21,0,4,0
1241,52,2,5,1,20427.0,10,0,4,0
1242,50,0,3,1,65106.0,973,1,27,0
1243,60,2,3,0,69969.0,1536,2,13,0
1244,73,0,3,2,67433.0,992,1,28,0
1245,58,2,3,1,77766.0,1529,1,34,0
1246,53,0,3,1,74716.0,860,0,17,0
1247,62,0,2,1,68118.0,928,0,23,0
1248,55,2,3,2,55158.0,418,0,18,0
1249,70,3,3,1,62972.0,587,0,16,0
1250,50,0,3,1,74190.0,641,0,19,0
1251,49,0,3,2,39356.0,23,1,4,0
1252,56,0,5,0,76653.0,2279,2,23,0
1253,52,2,2,2,35860.0,49,1,6,0
1254,42,2,2,0,90687.0,1779,1,17,0
1255,43,1,5,0,73450.0,1804,2,27,0
1256,65,0,3,2,31454.0,48,0,8,0
1257,73,0,4,2,47139.0,83,0,7,0
1258,50,0,2,0,83829.0,1862,3,17,0
1259,62,2,3,2,53378.0,793,0,29,0
1260,55,0,5,1,19656.0,84,0,9,0
1261,77,2,3,1,45579.0,183,0,10,0
1262,67,3,4,0,85485.0,1383,0,19,0
1263,81,0,3,0,55956.0,999,1,16,0
1264,62,1,4,1,64191.0,825,0,24,0
1265,53,0,4,1,38808.0,246,1,14,0
1266,59,1,3,2,57183.0,610,0,25,0
1267,57,1,2,1,23748.0,76,0,9,0
1268,54,0,3,1,66303.0,1286,1,22,0
1269,50,1,3,1,37368.0,30,1,4,0
1270,61,0,3,3,40800.0,99,0,8,1
1271,47,0,2,0,71847.0,1192,1,22,0
1272,50,0,3,1,46149.0,362,0,18,0
1273,42,0,5,0,78687.0,2130,1,19,0
1274,54,3,2,0,49118.0,1229,2,28,0
1275,68,2,3,2,37633.0,38,0,6,0
1276,74,1,5,0,39767.0,485,0,17,0
1277,74,3,3,0,26997.0,434,0,13,0
1278,55,0,2,1,33986.0,44,0,5,0
1279,53,2,3,1,57091.0,496,1,18,0
1280,56,3,3,2,46831.0,78,0,7,0
1281,53,1,3,0,83151.0,2346,3,23,0
1282,54,0,3,0,52531.0,794,0,21,0
1283,69,0,3,0,15759.0,17,0,4,0
1284,54,0,4,1,22804.0,26,0,5,0
1285,52,3,3,1,43050.0,76,0,8,0
1286,48,2,4,2,42997.0,15,0,4,0
1287,62,2,4,2,48918.0,62,0,7,0
1288,71,1,5,1,60033.0,198,0,10,0
1289,47,2,5,1,34043.0,49,0,5,0
1290,59,0,5,1,57811.0,802,1,25,0
1291,79,0,3,0,78569.0,1736,1,15,0
1292,47,0,4,2,7500.0,57,0,10,0
1293,72,0,5,0,94384.0,2302,3,18,0
1294,40,3,3,0,23148.0,37,0,6,0
1295,55,0,2,2,44267.0,310,0,16,0
1296,46,0,3,0,71626.0,1305,1,19,0
1297,59,0,5,1,60894.0,832,0,26,0
1298,49,0,5,2,50200.0,401,0,19,0
1299,60,2,3,0,81051.0,1501,2,23,0
1300,43,0,3,0,65169.0,1189,4,28,0
1301,53,0,5,1,59868.0,1194,0,32,0
1302,65,2,3,1,65695.0,656,0,21,0
1303,69,1,4,0,64857.0,1540,0,23,0
1304,60,1,5,1,45143.0,311,0,15,0
1305,70,3,5,1,74805.0,820,0,26,0
1306,36,3,3,1,59060.0,274,0,14,0
1307,63,2,4,2,27238.0,57,0,9,0
1308,60,0,5,1,47009.0,448,0,17,0
1309,52,3,3,2,46094.0,44,0,5,0
1310,53,0,3,2,40321.0,102,0,8,0
1311,41,0,5,1,37235.0,61,0,5,0
1312,65,1,3,0,81843.0,1643,0,27,0
1313,67,1,5,1,46692.0,397,0,15,0
1314,57,0,5,1,77382.0,1121,1,26,0
1315,48,0,4,2,37774.0,473,1,16,1
1316,51,3,3,1,18393.0,50,0,8,0
1317,63,1,3,1,72828.0,1678,0,28,0
1318,43,0,3,0,24711.0,58,0,7,0
1319,50,2,3,1,45503.0,170,0,9,0
1320,43,1,4,0,6560.0,373,0,2,0
1321,80,2,5,0,71604.0,1196,1,17,0
1322,46,0,3,1,27244.0,101,0,8,0
1323,56,0,3,2,48752.0,316,0,17,0
1324,63,0,3,1,71434.0,1400,2,21,0
1325,77,0,4,0,90842.0,1424,0,27,0
1326,47,1,3,1,88097.0,844,3,20,0
1327,50,0,3,1,51948.0,311,0,13,0
1328,43,0,5,0,71853.0,1149,0,17,0
1329,42,1,3,0,35876.0,129,0,8,0
1330,73,0,6,1,40049.0,32,0,5,0
1331,43,0,4,1,39660.0,299,0,14,0
1332,63,0,5,1,50127.0,320,1,13,0
1333,48,1,3,1,43263.0,441,0,16,0
1334,76,1,3,2,62845.0,1178,1,28,0
1335,35,0,3,0,18929.0,85,0,6,0
1336,43,3,4,1,24367.0,24,0,4,0
1337,50,0,4,1,33249.0,112,0,8,0
1338,66,3,3,1,26887.0,30,0,5,0
1339,42,2,3,0,50150.0,410,0,16,0
1340,49,0,5,1,62061.0,800,1,24,0
1341,63,2,2,0,85696.0,1313,0,20,0
1342,69,2,5,0,76542.0,1483,0,23,0
1343,32,0,4,0,70515.0,1258,0,17,0
1344,38,0,5,1,18227.0,28,0,4,0
1345,60,0,3,1,69139.0,227,0,11,0
1346,43,0,3,0,69109.0,1555,1,20,0
1347,63,0,4,1,69627.0,861,0,23,0
1348,47,0,3,1,38136.0,103,1,8,0
1349,79,2,4,0,62159.0,634,0,19,0
1350,62,0,4,0,80695.0,1918,0,19,0
1351,54,1,4,2,33316.0,131,0,10,0
1352,57,0,5,2,58554.0,586,0,22,0
1353,33,3,3,1,17256.0,62,1,7,0
1354,51,0,2,2,53034.0,447,0,22,0
1355,75,3,5,0,52203.0,939,0,27,0
1356,48,3,2,1,59601.0,797,1,15,0
1357,67,1,4,1,75154.0,1143,0,16,0
1358,49,0,4,1,47025.0,415,0,17,0
1359,52,0,3,1,37971.0,30,0,5,0
1360,57,1,2,1,41335.0,187,0,12,0
1361,67,0,3,1,67267.0,251,0,11,0
1362,50,0,4,1,57338.0,237,0,12,0
1363,65,3,5,2,50523.0,91,0,8,0
1364,60,1,4,3,35791.0,35,0,6,0
1365,65,2,2,1,50611.0,493,1,22,0
1366,56,2,3,1,56242.0,971,0,28,0
1367,65,0,4,1,48904.0,371,0,17,0
1368,50,0,4,3,56243.0,396,0,20,0
1369,40,0,3,1,21355.0,68,1,7,0
1370,54,1,5,1,57420.0,322,1,15,0
1371,55,1,5,1,51381.5,317,0,14,0
1372,70,1,2,1,46390.0,222,0,10,0
1373,69,3,5,2,54342.0,177,0,12,0
1374,67,0,5,2,51381.5,45,0,5,0
1375,61,3,4,2,51381.5,21,0,4,0
1376,52,0,3,1,20895.0,45,0,6,0
1377,77,0,3,0,92344.0,1899,2,20,0
1378,53,2,5,1,51381.5,42,0,5,0
1379,49,3,5,2,26907.0,22,0,6,0
1380,45,0,5,2,44964.0,41,0,5,0
1381,46,0,5,0,75507.0,1440,0,21,0
1382,53,1,3,2,53761.0,325,0,17,0
1383,52,0,5,1,22682.0,95,0,10,0
1384,53,2,5,1,38887.0,42,0,5,0
1385,50,3,4,2,41658.0,72,0,6,0
1386,53,2,3,1,29791.0,20,0,7,0
1387,69,1,3,2,63915.0,789,0,23,0
1388,51,0,2,2,39996.0,15,0,4,0
1389,53,0,2,1,26759.0,59,0,8,0
1390,57,1,2,1,63841.0,908,0,22,0
1391,56,2,3,2,51039.0,417,0,14,0
1392,64,0,3,2,60544.0,289,0,15,0
1393,53,0,3,1,65685.0,769,0,21,0
1394,72,0,3,1,37716.0,188,0,10,0
1395,68,0,4,1,36864.0,354,0,14,0
1396,55,1,3,1,44511.0,727,0,26,0
1397,58,2,3,2,36947.0,146,0,11,0
1398,74,1,5,1,47352.0,319,0,16,0
1399,72,1,3,1,67087.0,794,0,22,0
1400,75,0,3,1,57045.0,454,0,18,0
1401,72,2,2,2,36957.0,152,0,11,0
1402,48,2,3,1,69389.0,797,0,22,0
1403,53,0,3,1,80134.0,1690,3,16,0
1404,56,1,3,2,43142.0,20,0,4,0
1405,81,0,3,0,80589.0,1428,1,21,0
1406,35,0,4,1,34412.0,209,0,11,0
1407,46,0,4,1,57537.0,545,0,19,0
1408,59,3,5,0,22634.0,96,0,6,0
1409,77,0,5,0,51315.0,222,0,10,0
1410,53,0,3,3,36026.0,61,0,7,0
1411,52,0,3,2,24639.0,44,0,9,0
1412,53,2,5,3,34578.0,8,0,4,0
1413,53,3,4,0,65704.0,817,0,23,0
1414,59,0,4,1,63810.0,1371,1,23,0
1415,56,2,5,1,54132.0,42,0,5,0
1416,66,0,3,0,18690.0,60,0,5,0
1417,55,0,3,1,28164.0,78,0,9,0
1418,51,2,3,1,34596.0,23,0,4,0
1419,53,2,3,1,43269.0,19,0,4,0
1420,67,3,4,2,38741.0,61,0,7,0
1421,53,0,4,0,31907.0,449,0,14,0
1422,42,1,3,1,27100.0,37,0,5,0
1423,52,3,2,1,31163.0,38,0,5,0
1424,40,0,3,0,92533.0,1131,2,23,0
1425,52,0,4,2,34853.0,34,0,7,0
1426,58,0,2,2,70844.0,294,0,17,0
1427,46,3,3,2,31086.0,48,1,6,0
1428,64,0,3,2,60544.0,289,0,15,0
1429,39,3,5,0,20491.0,30,0,4,0
1430,61,0,3,0,42523.0,125,0,7,0
1431,42,0,3,1,39922.0,156,0,9,0
1432,73,0,5,2,33402.0,70,0,9,0
1433,76,1,3,2,36408.0,22,0,4,0
1434,46,0,5,1,21645.0,65,0,9,0
1435,77,1,6,0,78427.0,1930,1,23,0
1436,79,0,5,0,82657.0,2283,2,23,0
1437,67,0,3,0,51876.0,310,0,13,0
1438,54,3,3,0,78041.0,1319,0,18,0
1439,68,0,3,1,52852.0,879,1,26,0
1440,43,2,5,0,70038.0,1244,0,17,0
1441,52,3,5,1,69401.0,690,0,17,0
1442,53,0,5,1,46053.0,209,0,12,0
1443,60,0,3,0,77343.0,1134,0,17,0
1444,72,0,4,0,73892.0,1507,0,23,0
1445,58,2,4,1,40304.0,57,0,6,0
1446,60,2,5,0,32727.0,529,0,17,0
1447,56,0,5,0,68695.0,1091,0,16,0
1448,54,0,2,1,43300.0,180,0,11,0
1449,53,0,5,2,26290.0,77,0,10,0
1450,55,0,4,0,93790.0,2349,3,25,0
1451,51,2,3,0,38410.0,534,0,18,0
1452,75,1,6,1,64866.0,556,1,21,0
1453,66,0,5,1,57957.0,637,0,25,1
1454,70,2,5,2,46015.0,46,2,5,0
1455,47,0,5,1,16531.0,44,0,9,0
1456,39,1,3,1,28072.0,47,0,5,0
1457,62,1,2,1,49476.0,795,0,22,0
1458,72,0,3,1,50725.0,586,0,21,0
1459,73,0,5,0,83844.0,1574,1,20,0
1460,75,2,3,2,41145.0,13,0,4,0
1461,55,0,5,1,67419.0,1471,0,25,0
1462,55,3,3,2,23162.0,65,0,8,0
1463,48,0,3,1,34380.0,175,0,12,0
1464,59,0,4,1,34704.0,40,0,5,0
1465,56,2,3,2,94871.0,1078,2,18,0
1466,67,0,3,1,65148.0,1115,0,21,0
1467,71,0,5,1,39898.0,134,0,9,0
1468,69,1,4,0,64857.0,1540,0,23,0
1469,55,2,3,1,59892.0,87,0,7,0
1470,38,1,4,0,41020.0,217,0,10,0
1471,64,2,3,1,57072.0,1034,1,27,0
1472,46,0,4,1,60474.0,1180,0,31,0
1473,65,0,5,1,62807.0,819,0,23,0
1474,44,3,5,1,19414.0,32,0,5,0
1475,45,0,3,1,19107.0,46,0,6,0
1476,49,3,5,1,75484.0,1159,0,18,0
1477,49,1,4,1,70379.0,860,0,25,0
1478,55,1,5,0,79419.0,1631,0,15,0
1479,79,2,5,3,64014.0,444,1,22,0
1480,70,0,3,1,76998.0,1910,1,29,0
1481,53,1,5,1,49854.0,380,0,18,0
1482,54,2,3,2,60585.0,736,0,30,0
1483,75,2,2,2,42873.0,269,0,15,0
1484,37,0,5,0,87679.0,2524,3,29,0
1485,47,0,5,1,57867.0,612,0,25,0
1486,35,0,3,1,35765.0,75,0,8,0
1487,66,0,3,0,65492.0,1045,0,26,0
1488,48,0,2,1,32952.0,55,0,6,0
1489,56,2,5,1,53374.0,1064,1,21,0
1490,66,0,5,1,71706.0,1443,0,25,0
1491,37,0,3,0,68487.0,1366,0,30,0
1492,50,1,5,2,53253.0,436,0,19,0
1493,52,3,2,1,31163.0,38,0,5,0
1494,48,0,3,1,42014.0,436,0,20,0
1495,52,1,3,2,54108.0,747,0,32,0
1496,70,2,4,0,49667.0,1396,1,22,0
1497,51,1,3,0,63206.0,928,1,14,0
1498,53,1,3,2,57136.0,642,0,26,0
1499,50,3,5,1,46772.0,1048,1,30,0
1500,54,2,3,0,78931.0,943,0,24,0
1501,67,0,5,1,53977.0,907,0,27,0
1502,37,0,3,0,84219.0,1198,0,18,0
1503,50,1,4,2,46098.0,120,0,11,0
1504,60,0,3,1,73538.0,1658,0,26,0
1505,39,0,3,0,79529.0,1638,0,22,0
1506,48,3,5,0,20981.0,73,0,7,0
1507,45,0,4,1,51766.0,275,0,12,0
1508,63,0,3,1,55759.0,854,0,26,0
1509,47,0,3,1,33039.0,78,0,7,0
1510,53,1,3,1,37787.0,106,0,7,0
1511,55,0,4,1,27242.0,106,0,7,0
1512,42,2,4,0,87188.0,1923,0,19,0
1513,54,0,5,0,69930.0,1662,0,22,0
1514,49,0,4,1,37697.0,84,0,7,0
1515,52,2,3,1,37401.0,48,0,7,0
1516,52,0,4,1,3502.0,5,0,0,0
1517,49,0,3,2,58597.0,733,0,32,0
1518,77,2,6,0,82032.0,1234,0,17,0
1519,67,0,5,2,28087.0,112,0,9,0
1520,38,2,4,0,74004.0,1658,2,15,0
1521,65,0,5,1,19740.0,55,0,7,0
1522,50,3,3,1,57036.0,1513,1,26,0
1523,67,3,5,2,53083.0,271,1,17,0
1524,50,2,3,1,69283.0,904,0,27,0
1525,50,1,4,2,46098.0,120,0,11,0
1526,37,3,3,1,23331.0,103,0,8,0
1527,37,3,4,1,23331.0,269,0,17,0
1528,36,0,4,1,9255.0,22,0,5,0
1529,66,2,6,0,67786.0,1156,0,16,0
1530,54,2,3,1,71969.0,1086,1,19,0
1531,58,1,4,1,59235.0,1128,0,28,0
1532,36,0,5,1,31928.0,72,0,9,0
1533,64,1,5,2,74881.0,964,0,27,0
1534,47,0,3,0,65819.0,1383,0,20,0
1535,72,2,4,3,51411.0,18,0,4,0
1536,61,0,2,1,51983.0,793,0,24,0
1537,39,1,5,1,42386.0,100,0,7,0
1538,38,3,3,0,30390.0,80,0,6,0
1539,62,0,4,0,30983.0,167,0,8,0
1540,68,0,6,1,66033.0,677,0,20,0
1541,50,3,3,2,37284.0,23,0,4,0
1542,74,1,2,1,57530.0,92,0,7,0
1543,60,3,3,0,76800.0,641,0,16,0
1544,69,0,3,1,63943.0,1106,0,17,0
1545,63,0,5,0,76081.0,1033,1,14,0
1546,51,0,3,1,67445.0,1174,0,32,0
1547,58,1,3,2,37054.0,25,0,6,0
1548,63,1,5,2,47175.0,240,1,17,0
1549,49,0,2,1,31859.0,20,0,4,0
1550,64,0,2,3,27215.0,102,0,11,0
1551,49,2,2,1,70179.0,1034,0,26,0
1552,42,0,3,1,39922.0,156,0,9,0
1553,49,1,3,2,49681.0,458,0,21,0
1554,37,0,3,1,24645.0,17,0,4,0
1555,71,0,2,1,79865.0,792,0,21,0
1556,40,0,3,1,44322.0,92,0,8,0
1557,73,0,4,1,47958.0,407,0,16,0
1558,61,1,4,1,63972.0,1269,1,23,0
1559,71,0,5,1,75315.0,841,0,23,0
1560,75,2,3,2,55517.0,633,0,23,0
1561,68,2,3,3,75283.0,1019,0,25,0
1562,79,2,4,0,82800.0,1315,2,26,0
1563,71,0,3,2,38998.0,54,0,8,1
1564,34,1,4,0,90638.0,2525,1,18,0
1565,39,1,3,1,27161.0,52,0,5,0
1566,48,0,3,1,42014.0,436,0,20,0
1567,65,2,5,1,38201.0,268,0,15,0
1568,43,0,5,2,45203.0,147,0,8,0
1569,78,2,5,0,81574.0,1798,2,18,0
1570,33,0,3,0,34935.0,137,0,8,0
1571,49,1,4,1,60482.0,507,0,17,0
1572,69,0,5,3,34633.0,15,0,4,0
1573,78,1,5,0,78093.0,1105,0,17,0
1574,75,0,2,0,82460.0,974,0,15,0
1575,59,1,5,1,45903.0,66,0,8,0
1576,38,0,2,0,81361.0,778,0,27,0
1577,52,2,2,2,35860.0,49,1,6,0
1578,73,1,5,2,40442.0,169,0,12,0
1579,60,0,3,0,61482.0,299,0,12,0
1580,45,0,3,1,34968.0,221,0,17,0
1581,38,0,3,0,75794.0,1682,1,25,0
1582,63,2,5,1,31497.0,155,0,10,0
1583,70,0,3,0,74268.0,892,0,13,0
1584,37,3,5,1,13724.0,58,1,5,0
1585,60,1,5,1,45143.0,311,0,15,0
1586,58,2,4,1,52569.0,95,0,7,0
1587,52,2,4,1,48432.0,424,0,19,0
1588,65,1,5,2,17144.0,47,0,12,0
1589,41,0,4,1,36108.0,339,1,15,0
1590,54,0,3,1,76445.0,1410,0,21,0
1591,50,2,3,1,36663.0,35,0,6,0
1592,60,1,3,1,53843.0,562,0,20,0
1593,69,1,3,0,90226.0,2352,1,24,0
1594,70,1,2,0,70638.0,1334,1,20,0
1595,65,0,5,2,44512.0,32,0,6,0
1596,64,0,3,2,27116.0,41,0,7,0
1597,62,2,3,2,54072.0,39,0,5,0
1598,48,0,3,1,71855.0,1141,0,25,0
1599,35,3,4,1,51250.0,710,1,24,0
1600,52,1,3,1,60432.0,401,0,19,0
1601,61,2,3,1,65526.0,506,0,17,0
1602,37,0,4,0,68655.0,1538,0,21,0
1603,47,3,3,0,12393.0,57,0,6,0
1604,35,0,4,0,64509.0,1722,1,19,0
1605,50,0,4,1,33955.0,270,0,15,0
1606,48,0,3,2,31353.0,31,0,6,0
1607,41,0,3,1,55434.0,882,0,24,0
1608,42,0,5,1,28359.0,16,0,4,0
1609,38,0,4,1,57100.0,311,0,14,0
1610,60,0,3,1,69139.0,227,0,11,0
1611,69,1,3,1,52973.0,1152,0,31,0
1612,60,2,5,1,51717.0,122,1,8,0
1613,54,0,3,1,18793.0,77,0,9,0
1614,43,3,5,0,66664.0,1289,0,19,0
1615,66,0,4,2,50664.0,561,0,24,0
1616,62,0,5,2,54414.0,211,0,13,0
1617,73,2,3,1,54549.0,233,0,12,0
1618,54,2,6,1,47111.0,1092,0,21,0
1619,62,2,2,0,41003.0,601,0,17,0
1620,43,0,5,1,19444.0,54,0,10,0
1621,49,3,5,1,36301.0,78,0,7,0
1622,78,2,5,1,73059.0,1095,0,26,0
1623,56,2,5,1,42731.0,244,0,13,0
1624,66,2,3,2,52854.0,116,0,9,0
1625,47,0,5,1,22775.0,15,0,4,0
1626,77,2,5,2,46681.0,425,0,16,0
1627,70,2,3,1,59821.0,734,0,26,0
1628,71,0,2,1,50002.0,638,0,19,0
1629,80,0,3,0,69755.0,894,0,22,0
1630,56,0,3,2,44078.0,41,0,7,0
1631,49,1,5,1,30560.0,31,0,5,0
1632,56,1,5,2,35924.0,34,0,5,0
1633,61,2,2,2,64140.0,1750,3,18,0
1634,44,0,5,2,56386.0,612,0,25,0
1635,46,3,5,1,24594.0,29,0,5,0
1636,44,3,5,1,75774.0,823,0,21,0
1637,65,1,2,0,39228.0,20,0,4,0
1638,51,1,3,1,58494.0,396,0,16,0
1639,44,0,4,0,58684.0,813,1,21,0
1640,58,0,2,0,57136.0,1179,0,20,0
1641,75,2,6,2,56551.0,138,0,10,0
1642,43,0,3,1,22448.0,55,0,9,0
1643,64,0,4,0,82014.0,1511,0,22,0
1644,62,0,6,2,34213.0,117,0,9,0
1645,78,2,6,1,25358.0,32,0,6,0
1646,47,1,4,1,35544.0,67,0,6,0
1647,71,1,5,1,36634.0,335,0,15,0
1648,71,2,3,1,62670.0,825,0,22,0
1649,53,3,5,1,50334.0,694,0,23,0
1650,44,0,4,0,72066.0,1792,2,17,0
1651,67,2,4,2,50729.0,496,0,24,0
1652,57,0,5,2,34916.0,231,0,13,0
1653,49,0,2,1,64892.0,902,0,24,0
1654,59,0,4,2,43602.0,68,0,9,0
1655,36,2,4,0,33996.0,71,0,6,0
1656,40,3,4,1,41473.0,76,0,6,0
1657,58,2,3,2,63246.0,772,0,22,0
1658,66,2,3,2,36732.0,47,0,9,0
1659,55,2,3,1,69084.0,1586,0,25,0
1660,58,2,3,1,77766.0,1529,1,34,0
1661,40,2,4,0,37929.0,265,2,13,0
1662,74,0,5,0,86610.0,1603,0,18,0
1663,39,1,3,0,80141.0,2091,1,22,0
1664,70,3,3,0,72635.0,981,1,21,0
1665,55,0,3,1,69016.0,1533,0,34,0
1666,34,3,5,0,20193.0,82,0,7,0
1667,50,0,3,1,27573.0,244,0,14,0
1668,46,3,4,1,15862.0,36,0,5,0
1669,49,2,3,1,49544.0,404,0,16,0
1670,45,0,3,1,33228.0,71,0,6,0
1671,47,0,5,0,70440.0,1572,1,23,0
1672,54,0,5,2,38232.0,122,0,11,0
1673,70,2,3,2,22554.0,41,0,10,0
1674,42,2,3,1,23536.0,10,0,4,0
1675,73,0,3,1,49413.0,304,0,13,0
1676,56,0,3,2,42231.0,37,0,5,0
1677,45,1,2,0,78789.0,1754,0,16,0
1678,57,0,5,1,56534.0,815,2,25,0
1679,54,0,4,1,58350.0,1001,0,27,0
1680,36,0,4,0,81217.0,1157,0,22,0
1681,74,0,4,1,49090.0,688,0,21,0
1682,38,1,2,0,61787.0,1319,0,19,0
1683,40,2,3,1,18169.0,21,0,4,0
1684,44,3,4,1,24336.0,31,0,4,0
1685,35,0,3,0,18222.0,67,0,6,0
1686,73,0,2,1,62335.0,708,0,21,0
1687,54,3,5,2,42033.0,25,0,4,0
1688,42,2,3,0,86580.0,746,1,11,0
1689,68,2,2,2,41437.0,32,0,5,0
1690,74,1,6,2,73705.0,1695,0,25,0
1691,49,0,3,1,61064.0,1080,0,28,0
1692,70,1,3,2,38452.0,72,0,9,0
1693,36,0,4,1,18358.0,57,0,10,0
1694,52,2,5,1,55012.0,660,0,25,0
1695,52,3,5,1,9722.0,103,0,11,0
1696,41,2,3,1,38175.0,153,0,11,0
1697,69,1,5,1,58656.0,1220,1,32,0
1698,60,0,5,1,52117.0,279,0,13,0
1699,47,0,3,1,64813.0,745,0,20,0
1700,52,2,3,1,54222.0,264,0,12,0
1701,39,0,3,0,83512.0,2157,4,22,0
1702,66,1,3,1,77520.0,1526,3,23,0
1703,47,0,5,1,41154.0,69,0,6,0
1704,59,0,3,0,80398.0,1597,1,26,0
1705,33,3,4,1,18746.0,64,0,8,0
1706,41,0,5,1,35196.0,497,0,18,0
1707,69,0,4,1,60230.0,1067,0,17,0
1708,48,0,3,2,22108.0,31,0,7,0
1709,51,0,5,2,44392.0,211,0,14,0
1710,49,2,3,1,55424.0,877,1,25,0
1711,46,0,3,1,17688.0,11,0,4,1
1712,42,2,3,0,92491.0,2034,3,25,0
1713,34,0,4,0,90273.0,1991,3,19,0
1714,63,2,6,0,82571.0,1686,1,24,0
1715,43,2,4,1,38513.0,324,0,17,0
1716,46,1,4,1,16653.0,69,0,9,0
1717,70,0,5,2,42586.0,252,0,16,0
1718,60,3,4,1,23529.0,54,0,5,0
1719,64,1,5,2,74881.0,964,0,27,0
1720,74,0,3,1,71107.0,1327,0,28,0
1721,61,2,5,2,46910.0,68,0,7,0
1722,66,0,3,0,18690.0,60,0,5,0
1723,70,0,2,2,37244.0,55,1,5,0
1724,59,0,5,0,82427.0,1456,1,21,0
1725,67,3,4,1,75342.0,563,0,18,0
1726,71,0,2,1,70044.0,1504,0,26,0
1727,58,0,4,2,79146.0,564,0,19,0
1728,62,0,3,0,77437.0,1125,1,23,0
1729,66,0,3,1,54984.0,358,1,17,0
1730,54,2,3,1,42403.0,42,0,5,0
1731,61,0,5,1,55761.0,184,1,10,0
1732,42,0,5,1,37292.0,460,0,19,0
1733,80,2,4,0,45576.0,145,0,8,0
1734,78,0,5,0,70321.0,1376,0,25,0
1735,56,2,2,1,58086.0,792,0,23,0
1736,73,0,3,0,81795.0,1382,0,23,0
1737,78,3,5,0,28389.0,28,0,4,0
1738,79,1,3,0,66835.0,1033,0,24,0
1739,56,0,2,1,69901.0,882,0,23,0
1740,76,2,3,0,80360.0,2231,3,15,0
1741,64,2,5,1,63342.0,1101,1,19,0
1742,51,0,3,1,44989.0,369,0,16,0
1743,45,3,4,1,31859.0,48,0,5,0
1744,76,2,6,1,51569.0,467,1,19,0
1745,54,0,6,2,30372.0,44,0,8,0
1746,46,3,4,2,16014.0,38,0,10,0
1747,57,0,3,2,41120.0,81,0,9,0
1748,54,1,4,1,39763.0,167,0,10,0
1749,70,2,3,2,38725.0,45,0,7,0
1750,53,0,3,1,77981.0,664,0,21,0
1751,61,3,3,1,62905.0,622,0,20,0
1752,46,3,2,1,13533.0,48,0,7,0
1753,50,0,5,1,59481.0,461,0,16,0
1754,48,0,3,1,72117.0,1073,0,26,0
1755,39,3,3,1,21955.0,55,0,8,0
1756,69,0,3,1,67131.0,976,0,26,0
1757,45,2,4,1,36802.0,20,0,5,0
1758,43,0,5,0,71853.0,1149,0,17,0
1759,64,3,3,0,28249.0,43,0,6,0
1760,50,1,3,1,47808.0,224,1,10,0
1761,51,2,2,1,25509.0,101,0,9,0
1762,79,2,3,0,51012.0,209,0,10,0
1763,40,0,4,0,70596.0,968,0,21,0
1764,73,2,5,0,85431.0,1165,0,17,0
1765,58,0,3,1,42664.0,24,0,5,0
1766,70,0,5,2,42586.0,252,0,16,0
1767,40,0,4,1,29760.0,165,0,12,0
1768,48,2,3,0,28973.0,269,0,13,0
1769,52,2,5,1,39435.0,102,0,7,0
1770,41,3,3,0,65370.0,461,0,19,0
1771,46,3,4,1,20194.0,47,0,7,0
1772,49,2,4,2,42473.0,144,0,10,0
1773,57,0,3,0,64590.0,1338,0,24,0
1774,66,0,5,1,71232.0,917,0,25,0
1775,54,0,5,2,34600.0,318,0,17,0
1776,58,0,4,2,46904.0,253,0,14,0
1777,52,0,3,1,49094.0,502,0,20,0
1778,42,0,5,1,36075.0,119,0,7,0
1779,46,3,5,2,60839.0,1250,0,29,0
1780,46,0,5,1,77298.0,969,0,24,0
1781,75,0,5,2,34026.0,76,0,9,0
1782,62,2,4,2,48918.0,62,0,7,0
1783,63,3,5,0,82122.0,1382,1,26,0
1784,49,0,4,1,37697.0,84,0,7,0
1785,73,0,5,2,34074.0,255,1,14,0
1786,65,1,3,2,28520.0,43,0,5,0
1787,70,0,4,1,62535.0,398,0,14,0
1788,48,1,4,1,36273.0,76,0,8,0
1789,61,0,5,2,63404.0,902,1,15,0
1790,44,3,5,1,75774.0,823,0,21,0
1791,49,0,5,1,78416.0,1179,0,26,0
1792,51,0,5,1,75702.0,1921,1,29,0
1793,74,1,5,2,59385.0,185,0,10,0
1794,59,0,4,2,37070.0,433,0,23,0
1795,74,0,3,2,44689.0,34,1,6,0
1796,67,0,5,1,53977.0,907,0,27,0
1797,59,2,4,2,7144.0,416,0,25,0
1798,61,0,4,2,18701.0,44,0,10,0
1799,69,0,3,0,90369.0,1588,0,17,0
1800,51,2,4,0,63159.0,1797,1,17,0
1801,59,0,5,2,37758.0,40,0,6,0
1802,62,2,4,1,46757.0,1143,0,21,0
1803,56,1,3,0,79734.0,914,1,14,0
1804,33,0,5,0,63207.0,1502,1,12,0
1805,71,0,2,1,72071.0,1338,0,20,0
1806,42,2,5,1,21840.0,27,0,5,0
1807,43,3,5,1,58582.0,763,1,22,0
1808,74,0,4,0,72282.0,1331,0,22,0
1809,69,0,3,2,50387.0,525,0,19,0
1810,64,2,5,2,32583.0,9,0,4,0
1811,63,0,5,1,62568.0,953,1,16,0
1812,54,1,2,2,44635.0,68,0,7,0
1813,54,1,4,2,33316.0,131,0,10,0
1814,57,0,3,1,63967.0,882,0,23,0
1815,47,3,5,0,52513.0,1149,0,25,0
1816,56,0,3,1,25293.0,37,0,5,0
1817,60,2,6,1,54111.0,388,0,15,0
1818,39,0,5,0,78394.0,1428,0,16,0
1819,67,1,3,0,80739.0,1633,0,24,0
1820,50,1,5,1,22669.0,173,0,10,0
1821,38,0,4,1,29236.0,99,0,9,0
1822,66,0,5,1,44911.0,215,0,12,0
1823,63,2,3,1,54693.0,929,0,31,0
1824,51,0,5,1,48186.0,219,0,12,0
1825,48,0,3,2,54809.0,174,0,12,0
1826,47,0,5,2,41580.0,92,0,9,0
1827,55,2,3,0,80336.0,1052,0,25,0
1828,68,0,3,1,47743.0,275,1,14,0
1829,70,3,3,1,62972.0,587,0,16,0
1830,71,2,2,1,57333.0,1662,0,33,0
1831,43,2,5,1,32313.0,159,0,11,0
1832,72,1,6,0,84953.0,1024,3,18,0
1833,57,1,2,1,27071.0,35,0,7,0
1834,68,1,5,0,68148.0,1042,0,15,0
1835,60,1,5,2,65735.0,395,0,19,0
1836,50,2,3,0,86836.0,557,3,23,0
1837,62,2,3,2,4023.0,9,0,15,0
1838,35,0,3,0,30093.0,69,0,6,0
1839,59,2,3,1,57705.0,486,0,18,0
1840,37,0,4,1,25008.0,34,0,6,0
1841,30,3,4,0,83257.0,1365,2,28,1
1842,50,0,5,1,22280.0,13,0,4,0
1843,47,2,3,0,72159.0,1401,0,21,0
1844,64,0,5,0,64260.0,1574,0,14,0
1845,41,2,4,0,82733.0,1323,0,20,0
1846,54,1,2,1,74290.0,1217,2,32,0
1847,74,1,4,3,58217.0,103,0,7,0
1848,49,1,5,0,21024.0,84,0,7,0
1849,53,2,3,0,70116.0,1536,0,23,0
1850,40,0,5,1,54006.0,581,0,18,0
1851,59,2,3,1,69063.0,928,0,14,0
1852,50,3,2,0,11448.0,14,0,4,0
1853,46,0,4,1,61825.0,424,0,15,0
1854,54,0,3,1,70886.0,960,0,14,0
1855,43,0,3,0,69109.0,1555,1,20,0
1856,52,0,6,2,60208.0,656,1,29,0
1857,57,1,5,2,32889.0,55,0,9,0
1858,41,0,4,1,34738.0,20,0,5,0
1859,54,1,5,1,30538.0,367,0,17,0
1860,48,3,5,0,82326.0,2257,3,22,0
1861,58,2,2,1,26642.0,42,0,7,0
1862,61,0,2,1,69932.0,1049,0,26,0
1863,53,0,4,2,44503.0,48,0,7,0
1864,77,2,4,1,60200.0,685,0,25,0
1865,73,0,2,1,49638.0,39,0,5,0
1866,38,3,4,0,23830.0,43,0,5,0
1867,66,1,6,0,33051.0,835,0,21,0
1868,67,0,3,0,72905.0,1515,1,20,0
1869,74,2,5,1,69702.0,1039,0,26,0
1870,50,0,2,1,70300.0,1596,0,26,0
1871,41,2,3,0,70643.0,1828,0,18,0
1872,56,2,3,1,30396.0,34,1,6,0
1873,57,2,2,1,50616.0,149,0,10,0
1874,56,1,4,1,62772.0,946,1,23,0
1875,40,2,4,0,30298.0,28,0,6,0
1876,41,0,4,1,52413.0,450,0,17,0
1877,68,2,3,2,44155.0,46,0,5,0
1878,54,2,2,0,86979.0,1702,1,16,0
1879,50,0,5,2,76532.0,820,0,25,0
1880,43,0,3,1,42081.0,382,1,15,0
1881,37,2,3,0,67546.0,2126,0,20,0
1882,36,1,5,0,88420.0,2069,3,20,0
1883,40,0,3,1,31158.0,72,0,7,0
1884,57,0,2,1,61671.0,732,2,28,0
1885,51,0,4,0,69719.0,801,0,11,0
1886,76,0,2,1,49160.0,236,0,12,0
1887,47,3,5,1,24882.0,80,1,5,0
1888,71,2,4,0,90933.0,1685,1,15,0
1889,80,2,4,0,113734.0,277,0,27,0
1890,75,2,5,1,59292.0,507,0,18,0
1891,61,2,3,2,45759.0,68,0,7,0
1892,42,0,4,0,22148.0,49,0,5,0
1893,38,1,3,0,73395.0,397,0,15,0
1894,54,0,2,1,29819.0,39,0,9,0
1895,57,0,3,1,45688.0,306,1,14,0
1896,71,0,3,0,62820.0,976,0,14,0
1897,54,2,3,1,60491.0,1028,0,28,0
1898,39,0,5,1,33235.0,70,0,7,0
1899,66,0,3,0,35701.0,46,0,5,0
1900,45,1,3,1,31535.0,51,1,5,0
1901,65,3,5,0,92556.0,1263,0,21,0
1902,55,0,4,1,67384.0,1490,1,22,0
1903,54,1,5,0,80573.0,1564,0,24,0
1904,58,0,3,1,77870.0,1815,2,18,0
1905,62,2,6,1,52278.0,1198,0,31,0
1906,57,0,4,1,57107.0,416,2,23,0
1907,35,0,3,0,18929.0,85,0,6,0
1908,44,2,4,1,36038.0,47,0,8,0
1909,49,0,4,0,20180.0,137,0,8,0
1910,60,2,5,2,34230.0,21,0,4,0
1911,48,3,4,1,31878.0,70,0,6,0
1912,53,3,3,1,70932.0,909,0,22,0
1913,69,0,4,0,91249.0,1676,4,22,0
1914,82,1,4,0,77598.0,1735,1,26,0
1915,66,0,4,2,80982.0,1191,0,30,1
1916,48,1,3,1,22701.0,24,0,5,0
1917,56,2,3,1,55212.0,1182,2,20,0
1918,55,0,3,0,70617.0,1280,0,14,0
1919,68,0,4,0,64849.0,1336,0,19,0
1920,60,1,3,2,62694.0,749,0,24,0
1921,51,2,3,2,61917.0,91,0,7,0
1922,78,2,3,1,67472.0,414,0,15,0
1923,43,1,3,1,21059.0,44,0,9,0
1924,57,1,3,2,29543.0,63,0,8,0
1925,74,0,3,1,75903.0,901,0,23,0
1926,50,3,5,2,34984.0,38,0,6,0
1927,69,2,4,1,54998.0,455,0,20,0
1928,76,2,6,1,54356.0,775,0,24,0
1929,66,1,3,1,34242.0,15,0,4,0
1930,52,0,3,1,25410.0,38,0,6,0
1931,41,2,3,0,73356.0,1512,3,22,0
1932,75,0,5,1,28320.0,43,0,5,0
1933,48,0,4,1,23763.0,42,0,5,0
1934,41,0,3,0,72570.0,1089,0,23,0
1935,49,1,3,1,34529.0,162,0,9,0
1936,74,0,6,0,70792.0,1272,0,19,0
1937,43,0,3,0,63211.0,1173,0,20,0
1938,51,1,3,1,83891.0,816,0,22,0
1939,57,0,4,2,36065.0,74,0,9,0
1940,71,0,5,1,39898.0,134,0,9,0
1941,85,2,4,0,51141.0,157,0,9,0
1942,49,0,3,1,56939.0,561,0,18,0
1943,74,0,4,0,80872.0,1336,0,19,0
1944,49,2,5,0,72335.0,2092,0,23,0
1945,61,2,4,0,61798.0,463,0,16,0
1946,75,2,6,0,76842.0,1130,0,17,0
1947,49,0,5,1,29478.0,20,0,5,0
1948,69,0,4,1,46998.0,377,1,18,0
1949,35,0,4,0,96843.0,1544,1,28,0
1950,75,2,6,2,56551.0,138,0,10,0
1951,60,1,3,1,70053.0,1012,0,26,0
1952,63,2,6,0,71670.0,1766,3,15,0
1953,47,0,3,2,44359.0,45,0,9,0
1954,73,0,4,2,40887.0,161,0,10,0
1955,59,0,2,1,48877.0,144,0,8,0
1956,78,0,5,0,74485.0,1734,0,26,0
1957,53,0,5,1,64474.0,823,0,22,0
1958,62,0,5,1,77226.0,1138,0,28,0
1959,76,0,6,0,72643.0,1429,1,21,0
1960,47,1,5,0,85738.0,1371,2,21,0
1961,59,0,2,1,55686.0,982,1,16,0
1962,42,0,4,1,39062.0,44,1,5,0
1963,54,0,5,2,34600.0,318,0,17,0
1964,50,0,3,1,40794.0,434,0,16,0
1965,54,3,3,2,54690.0,198,0,12,0
1966,56,0,3,1,4428.0,359,0,25,0
1967,62,3,3,0,32632.0,576,0,18,0
1968,57,2,4,2,38236.0,88,0,11,0
1969,46,0,3,1,36781.0,63,0,6,0
1970,41,1,4,1,31385.0,27,1,4,0
1971,41,0,3,1,24570.0,193,0,11,0
1972,51,2,2,1,25509.0,101,0,9,0
1973,74,0,3,0,94642.0,2211,2,21,0
1974,63,1,3,1,58646.0,140,0,8,0
1975,50,0,4,2,53201.0,415,0,22,0
1976,68,0,5,1,21994.0,22,0,4,0
1977,47,0,3,2,57113.0,263,0,16,0
1978,34,0,3,0,51373.0,393,0,12,0
1979,39,0,3,1,23477.0,147,0,10,0
1980,69,0,3,1,58116.0,443,0,16,0
1981,62,2,2,0,72968.0,1958,1,19,0
1982,54,1,3,1,39791.0,174,0,10,0
1983,78,1,4,0,91712.0,2217,1,27,0
1984,67,0,4,1,94472.0,1691,2,16,0
1985,65,0,5,2,13672.0,25,0,6,0
1986,45,3,3,0,96547.0,809,3,21,0
1987,50,0,3,0,79205.0,895,1,16,0
1988,50,2,5,1,56559.0,484,0,18,0
1989,52,2,3,1,32644.0,413,1,18,0
1990,45,3,4,1,67506.0,331,0,12,0
1991,55,0,4,1,24206.0,25,0,5,0
1992,58,2,2,1,28420.0,13,0,4,0
1993,55,0,3,1,22979.0,115,0,10,0
1994,59,0,4,0,33279.0,16,0,4,0
1995,53,1,4,2,46423.0,92,0,9,0
1996,48,0,3,1,30368.0,52,0,7,0
1997,55,0,3,1,63684.0,1464,0,23,0
1998,61,0,2,1,41638.0,441,1,17,0
1999,66,2,2,1,68805.0,283,0,12,0
2000,59,2,5,1,65814.0,747,0,23,0
2001,67,0,2,0,71964.0,1870,0,17,0
2002,39,0,4,1,39146.0,165,0,11,0
2003,48,0,5,0,96876.0,1941,3,24,0
2004,44,3,3,0,34445.0,839,0,27,0
2005,67,0,4,0,68281.0,1655,0,25,0
2006,50,3,3,2,37284.0,23,0,4,0
2007,42,0,3,0,36790.0,66,0,6,0
2008,58,0,5,2,27943.0,37,0,8,0
2009,74,0,2,2,22263.0,21,0,6,1
2010,53,0,5,3,30261.0,22,0,4,0
2011,47,0,5,1,28587.0,78,0,9,0
2012,43,1,3,1,43815.0,79,0,6,0
2013,69,0,3,2,48195.0,265,0,17,0
2014,73,1,3,1,77027.0,1175,0,19,0
2015,60,2,3,1,71322.0,1305,0,28,0
2016,46,1,3,1,32765.0,46,0,8,0
2017,60,0,5,2,29672.0,25,0,4,0
2018,72,0,2,0,23272.0,46,0,5,0
2019,76,1,5,1,49912.0,874,1,26,0
2020,40,3,5,1,7500.0,100,0,10,0
2021,78,2,6,1,68117.0,930,1,25,0
2022,70,0,3,1,67225.0,868,0,23,0
2023,49,0,3,1,17649.0,45,0,9,0
2024,50,0,5,1,55914.0,1260,0,29,0
2025,41,0,3,1,40059.0,414,1,12,0
2026,75,0,5,1,60905.0,392,0,15,0
2027,48,0,3,2,75330.0,1109,0,29,0
2028,74,0,4,1,60689.0,639,0,22,0
2029,41,0,3,1,38680.0,79,0,6,0
2030,43,0,5,0,61416.0,1665,1,24,0
2031,34,0,4,0,49767.0,692,0,18,0
2032,55,0,4,3,83273.0,1392,0,29,0
2033,44,0,3,1,29009.0,44,0,7,0
2034,46,1,3,1,45057.0,50,0,6,0
2035,54,0,3,1,37150.0,467,0,21,0
2036,55,0,4,1,43020.0,223,0,12,0
2037,66,0,3,1,53154.0,158,0,9,0
2038,52,0,3,0,65308.0,1211,2,28,0
2039,55,0,4,1,76467.0,1575,0,14,0
2040,78,3,3,0,81044.0,1208,0,22,0
2041,74,0,3,2,32871.0,43,0,5,0
2042,50,0,4,2,55801.0,527,1,21,0
2043,66,0,6,1,76320.0,932,0,15,0
2044,70,1,4,2,36927.0,71,0,8,0
2045,72,0,5,2,48794.0,54,0,5,0
2046,60,0,4,0,23478.0,129,0,7,0
2047,52,0,2,1,71128.0,1615,0,27,0
2048,49,2,2,1,70179.0,1034,0,26,0
2049,75,0,3,1,59462.0,1088,0,25,0
2050,56,1,5,2,51381.5,721,0,25,0
2051,56,0,5,1,38361.0,137,0,10,0
2052,44,2,4,1,51381.5,47,0,8,0
2053,43,2,5,0,70038.0,1244,0,17,0
2054,47,0,5,2,42554.0,41,0,7,0
2055,51,0,3,1,67445.0,1174,0,32,0
2056,74,0,6,1,67046.0,993,0,15,0
2057,77,0,3,0,42192.0,100,0,7,0
2058,73,2,3,1,77610.0,1680,0,17,0
2059,41,0,3,1,31761.0,98,0,9,0
2060,46,0,5,1,34350.0,48,0,5,0
2061,76,0,5,1,54591.0,519,0,19,0
2062,69,0,3,1,71866.0,715,0,20,0
2063,56,0,3,1,25293.0,37,0,5,0
2064,38,2,4,0,42000.0,653,0,20,0
2065,42,0,3,0,69520.0,1455,0,21,0
2066,55,0,2,1,64713.0,602,0,19,0
2067,48,1,3,1,27889.0,26,0,5,0
2068,65,3,6,0,22123.0,102,0,7,0
2069,54,0,3,2,51381.5,97,0,10,0
2070,71,1,5,1,51381.5,207,0,11,0
2071,52,0,3,1,27803.0,176,0,9,0
2072,70,0,4,1,51381.5,450,0,15,0
2073,65,0,3,1,51651.0,433,0,17,0
2074,37,0,3,0,68487.0,1366,0,30,0
2075,82,1,6,0,51381.5,1564,1,22,0
2076,56,0,3,1,56796.0,1001,0,27,0
2077,33,3,3,0,87000.0,961,0,18,0
2078,66,0,3,1,79823.0,1518,1,23,0
2079,45,0,4,1,30828.0,56,0,8,0
2080,54,1,3,1,34109.0,22,0,4,0
2081,51,1,2,2,53367.0,400,0,21,0
2082,56,3,5,0,22390.0,26,0,4,0
2083,49,0,5,1,71322.0,350,0,13,0
2084,32,0,0,0,79244.0,1216,2,22,0
2085,76,1,5,1,49912.0,874,1,26,0
2086,75,2,3,2,48699.0,40,0,5,0
2087,50,0,5,0,80144.0,1367,0,19,0
2088,69,0,4,2,54252.0,264,0,15,0
2089,49,1,3,1,81929.0,2053,2,20,0
2090,50,0,3,1,76068.0,1376,2,10,0
2091,49,1,3,2,53204.0,45,0,5,0
2092,76,2,5,1,67911.0,976,0,27,0
2093,41,3,3,1,14796.0,51,0,6,0
2094,51,2,3,1,78128.0,1264,2,20,0
2095,53,3,3,0,14188.0,75,0,7,0
2096,39,3,3,1,20425.0,57,0,7,0
2097,63,1,3,1,58646.0,140,0,8,0
2098,55,0,2,1,72967.0,497,1,19,0
2099,76,1,3,1,48150.0,266,0,13,0
2100,64,0,4,0,82332.0,2006,1,21,0
2101,70,0,6,2,58275.0,615,0,23,0
2102,44,2,5,0,44953.0,1021,1,24,0
2103,72,0,5,2,34587.0,22,0,6,0
2104,51,1,5,1,43018.0,133,0,7,0
2105,71,1,3,1,45736.0,437,0,19,0
2106,56,1,5,1,66476.0,1013,0,26,0
2107,44,3,3,1,27733.0,57,0,7,0
2108,73,2,5,1,69805.0,1038,0,27,0
2109,63,1,4,0,72217.0,1573,0,22,0
2110,54,0,2,1,25818.0,28,0,4,0
2111,49,1,5,1,37509.0,123,0,9,0
2112,49,3,5,2,25176.0,13,0,4,0
2113,45,0,3,1,43586.0,132,0,10,0
2114,69,3,3,1,53230.0,732,0,23,0
2115,68,0,5,2,50116.0,66,1,7,0
2116,53,0,5,0,84906.0,1631,3,24,0
2117,59,0,3,1,61286.0,608,0,18,0
2118,39,2,3,0,82333.0,1822,1,18,0
2119,60,2,5,0,65220.0,1282,0,23,0
2120,51,0,5,3,33590.0,8,0,4,0
2121,49,0,2,1,30992.0,43,0,5,0
2122,49,1,4,0,72309.0,1931,1,20,0
2123,45,3,3,1,16005.0,103,0,8,0
2124,68,1,0,0,65487.0,1169,0,17,0
2125,60,0,3,1,58692.0,395,0,15,0
2126,56,0,6,2,40590.0,258,1,15,0
2127,55,0,4,1,20587.0,25,0,5,0
2128,71,1,2,1,62637.0,185,0,10,0
2129,59,1,2,2,29435.0,180,0,11,0
2130,51,0,2,1,19346.0,22,0,5,0
2131,54,0,3,2,35788.0,44,0,7,0
2132,57,0,2,2,36997.0,94,0,12,0
2133,68,0,3,0,23539.0,81,0,7,0
2134,52,0,4,1,65333.0,798,2,28,0
2135,68,0,4,0,78499.0,1334,1,19,0
2136,54,2,5,1,29732.0,38,0,5,0
2137,65,1,5,3,41275.0,61,0,11,0
2138,52,2,5,2,63516.0,300,0,16,0
2139,63,2,3,1,42769.0,88,0,8,0
2140,67,1,3,2,49572.0,54,0,7,0
2141,53,0,3,0,69209.0,1782,1,16,0
2142,49,0,3,1,17148.0,68,0,11,0
2143,56,0,6,2,40590.0,258,1,15,0
2144,49,1,5,1,30560.0,31,0,5,0
2145,42,3,3,1,32146.0,66,0,8,0
2146,61,3,2,2,41713.0,174,0,13,0
2147,50,1,5,1,34176.0,28,0,5,0
2148,70,2,3,1,58482.0,731,1,22,0
2149,60,0,4,1,59686.0,274,0,12,0
2150,61,2,3,1,60896.0,1701,0,26,0
2151,45,0,5,1,62994.0,312,0,13,0
2152,68,0,5,1,47320.0,414,0,20,0
2153,76,3,6,0,74859.0,1565,1,23,0
2154,33,3,4,1,15253.0,29,0,6,0
2155,51,2,4,1,31560.0,94,0,8,0
2156,71,0,2,1,72071.0,1338,0,20,0
2157,35,1,4,0,91172.0,1092,4,14,0
2158,41,0,3,0,90000.0,1479,3,18,0
2159,44,0,4,2,41967.0,54,0,5,0
2160,60,0,4,1,69263.0,568,1,18,0
2161,55,3,2,0,65706.0,1199,3,27,0
2162,50,0,5,1,60934.0,873,0,23,0
2163,74,0,3,1,71965.0,1213,0,17,0
2164,70,0,3,1,65210.0,731,2,22,0
2165,50,2,3,0,79174.0,2043,2,19,0
2166,58,1,2,0,81380.0,1893,0,17,0
2167,52,2,7,1,48432.0,424,0,19,0
2168,54,0,3,1,52914.0,575,1,15,0
2169,70,0,5,1,38946.0,257,0,12,0
2170,51,0,3,1,26067.0,56,0,9,0
2171,53,2,3,1,44325.0,542,1,21,0
2172,61,0,3,0,42523.0,125,0,7,0
2173,47,3,4,1,26487.0,69,0,9,0
2174,68,3,3,1,53233.0,40,0,5,0
2175,65,0,3,1,67716.0,1016,1,28,0
2176,53,1,3,1,76234.0,907,1,23,0
2177,69,2,3,0,84117.0,1566,1,24,0
2178,68,1,5,0,65487.0,1169,0,17,0
2179,53,3,3,1,25224.0,46,0,7,0
2180,42,1,4,0,89616.0,1644,0,25,0
2181,54,0,2,2,40851.0,59,0,5,0
2182,78,0,3,0,27469.0,17,0,4,0
2183,68,3,3,0,82347.0,1853,2,25,0
2184,68,0,3,1,73803.0,1528,1,22,0
2185,73,1,4,2,8820.0,35,0,10,0
2186,51,0,4,0,43322.0,141,0,8,0
2187,52,0,5,1,55593.0,546,1,17,0
2188,71,0,3,2,50501.0,500,1,20,0
2189,50,0,3,2,37085.0,61,0,10,0
2190,35,3,4,1,16185.0,106,0,8,0
2191,56,0,4,1,57731.0,704,0,26,0
2192,52,2,7,1,48432.0,424,0,19,0
2193,47,0,3,1,73807.0,849,0,23,0
2194,35,0,3,0,18929.0,85,0,6,0
2195,57,0,4,2,35893.0,199,0,15,0
2196,45,0,3,1,61014.0,1147,0,20,0
2197,71,0,5,2,32144.0,54,1,10,0
2198,62,3,5,1,14918.0,43,0,5,0
2199,62,0,2,2,45146.0,53,0,6,0
2200,70,3,2,1,41769.0,521,0,22,0
2201,44,0,5,0,88325.0,1623,0,18,0
2202,75,1,2,2,38054.0,45,0,7,0
2203,30,3,4,0,80617.0,1435,0,19,0
2204,49,0,3,1,5305.0,32,0,1,0
2205,71,0,5,2,36807.0,16,0,4,0
2206,42,0,5,1,28427.0,52,0,7,0
2207,77,2,6,0,82032.0,1234,0,17,0
2208,47,0,5,1,22775.0,15,0,4,0
2209,40,1,5,1,40101.0,415,0,17,0
2210,46,0,3,1,58025.0,470,0,18,0
2211,43,1,4,0,75777.0,1438,2,21,0
2212,46,3,5,1,7500.0,53,0,11,0
2213,62,1,3,3,33562.0,51,0,9,0
2214,55,2,4,1,57642.0,679,1,22,0
2215,57,0,5,2,58554.0,586,0,22,0
2216,46,0,3,2,63777.0,653,0,26,0
2217,63,0,4,1,57967.0,468,0,19,0
2218,47,3,5,0,51381.5,1679,1,1,0
2219,53,0,3,2,24434.0,50,0,7,0
2220,41,0,4,1,11012.0,84,1,9,0
2221,55,1,4,0,44802.0,1049,0,27,0
2222,39,0,4,0,26816.0,22,0,4,0
2223,51,0,3,1,34421.0,30,0,4,0
2224,58,0,3,1,61223.0,1341,0,18,0
2225,79,2,5,3,64014.0,444,1,22,0
2226,44,0,2,0,56981.0,1241,1,19,0
2227,69,1,5,1,69245.0,843,0,23,0
2228,71,2,3,2,52869.0,172,0,11,0
